CustomerID,Age,Gender,MaritalStatus,AnnualIncome
d2b4be54-72a6-4fde-a771-9e0d87b42e9d,53,Female,Divorced,67005.71
1d4a0dfa-ce13-4716-a0b3-35a7dcfa315d,65,Male,Married,32326.46
dfc349d0-b6a9-475f-8406-dc2a6f897983,63,Male,Divorced,112398.9
01d18094-b4ba-4063-947b-91bf05c08483,46,Female,Single,44562.55
bddfff9b-a0d1-4ed8-9e97-48fb5a1cfd58,56,Female,Married,112301.25
ae31f071-9190-4702-8bcd-e53ccd596154,32,Male,Divorced,121256.85
2be06967-3bd0-4f6a-bed8-002316356691,32,Female,Married,56651.44
545e5ba9-0a9f-48c8-9a0a-ef6055c6f3a9,53,Female,Married,39997.37
a9fdaca1-e78b-4948-a6bc-e0d6eee6033a,48,Female,Widowed,60130.99
2f036f33-cfbe-4b8c-9ac7-e0f792559c61,32,Male,Divorced,79302.16
a88b606b-bdb0-4a13-a9c5-ef68dff027ec,32,Female,Single,135971.1
5996a56f-722f-44c3-9f5b-a144c4aeeee9,56,Female,Single,69391.59
99e963f3-2e45-4647-bf32-ce638f02d591,44,Male,Widowed,93028.26
53d3de42-00bf-408f-a38f-a3747b0b95d3,41,Female,Single,96417.89
62eb98f3-8eb2-4ab0-8798-e21d879db0bb,34,Male,Married,42120.7
da144ffe-21a0-40d8-8cbc-60bdef8858b2,40,Female,Married,105066.96
690eb5b0-42f1-4e1d-b857-a7655ea56a05,31,Female,Widowed,120369.95
deedb502-d60e-4d1f-9b44-caf8cc012595,28,Female,Divorced,55114.74
6eb0843b-a351-48f6-bedb-e6fa710b5dce,58,Female,Divorced,106541.7
dbd2f277-385e-492a-b995-b034255c0c96,43,Female,Single,120485.2
23269624-4409-421a-b995-326b3afe1ea8,26,Male,Widowed,75157.62
40f61733-fa0c-458e-92a2-dada0c37faa9,35,Female,Divorced,140611.49
1fa56230-ad4a-409b-a0d6-4c7e9f828e83,47,Female,Married,87835.82
d2496ea3-f985-425d-8d6d-caa2715f40b5,29,Female,Single,91175.84
279f4c7d-fd12-4d4e-b45c-9b4c28501f00,52,Male,Divorced,62169.77
01ea8358-1ff5-4aed-a809-295674e576a9,29,Female,Widowed,146317.18
24dae49b-0ea5-4f5a-8cce-926bdc467025,64,Male,Widowed,52433.66
adb0e7f4-effc-4064-b0ef-21852e604541,41,Female,Divorced,32156.79
f803f98e-f178-4187-8f1b-943b63df6ac2,38,Male,Married,107755.57
85b270e2-8b31-4da8-abb8-d6cfddd41e23,48,Male,Divorced,52980.2
6dcb9507-9de6-4755-8e09-7881b7c97353,53,Male,Married,35016.83
cb5c8aec-d045-47d5-a40f-72416a1e12fc,30,Male,Single,70633.49
85b5de0e-52c8-4f26-ba11-f39fcaec4555,45,Male,Widowed,120965.49
103663f1-060e-406c-811a-b6d619e7428f,25,Female,Divorced,40229.71
38147566-88ea-4876-9372-8a89454c4df0,27,Male,Married,65847.41
96bb9917-1f0f-4392-a4aa-153a95009dd6,25,Female,Divorced,65062.35
32c2cef1-6af8-4eca-81d6-742729942263,57,Female,Married,84062.85
d9408949-e4fd-4362-8fbb-6bd475ea52f0,39,Male,Single,59553.07
778dc9b8-b4c8-479b-ab55-a1adc5343f1d,62,Female,Married,81511.15
aad4b29f-c6bd-4456-8bd9-7a237ca62c10,44,Female,Divorced,77974.12
81aed8e4-0a0f-42ea-abb1-0d003ce846af,55,Female,Married,89819.14
95c730e0-2f69-401a-9153-2b0945ab8d0e,47,Female,Single,30021.23
43778d26-ff23-4f79-bcda-18aabe8c7a0f,60,Male,Married,43907.02
bf98bde5-630b-4360-b497-17933c32dfa5,63,Male,Widowed,51621.0
3b0846ae-358a-41a0-b213-40b476cf3e7d,61,Female,Widowed,53648.9
a9795ad6-c33f-44e0-b840-68c6759b7f9d,65,Male,Widowed,104050.7
41d5e654-9ef9-4fa1-b225-605a58556567,45,Female,Single,148875.47
01601624-d59c-417b-bd11-984886ce248d,52,Male,Divorced,109892.26
843615e6-4a0c-473f-8ce1-873bc6c00eca,64,Female,Widowed,64653.8
02198d75-1945-449c-b0ba-3b5218535340,47,Male,Divorced,41829.48
916a6d48-f4de-46be-92f9-16c3d39b2c7f,37,Female,Married,133787.81
24b40fbc-e03d-4bc4-9b81-d6c1f914e9ed,63,Male,Married,130889.57
3e4dbb89-be68-4543-bdc3-ef686711dd11,28,Male,Single,146349.64
b89e6a19-e295-47b9-b7ca-d8df4f8551d7,45,Female,Widowed,128265.97
a2e8dc1e-bdef-4561-b378-36ab45532f75,43,Male,Divorced,43833.05
b48b0083-c9bc-498e-aad6-85d463f4eb3d,47,Male,Widowed,138404.55
80dc3173-ce16-4cce-b565-0b65fe3e48e3,52,Female,Widowed,33569.93
67f4576f-8d45-457f-b638-15d6a781e42c,54,Male,Married,120069.6
0f3589b5-5e52-4254-b329-b939ae7085b5,31,Female,Single,33168.26
587e741b-57fc-4df6-8848-8e21c3bd5eff,44,Female,Widowed,81874.08
c5fe0e71-1e3b-4bd5-bf9f-d83c0babde24,49,Male,Single,83397.46
83c4a944-55c5-4bb8-8403-d28663256586,53,Female,Divorced,98772.01
5b43b6dd-0cb5-45fc-bbb7-8af198c40435,26,Female,Widowed,125889.49
59b2a848-d1bf-4bba-bcfb-5e6d43ac6415,57,Male,Divorced,75954.89
2c3d0880-f5a4-442b-92d7-173ffe3f4645,33,Female,Widowed,146238.03
539cf764-f2ea-4278-9c4f-9bafa8007e2c,43,Female,Single,67621.71
5f1dbcca-14a9-4dd2-b69f-ad0bb611a27e,61,Female,Married,118856.16
458d0693-e475-46eb-adc5-40447bd458b1,51,Female,Divorced,38531.19
4f7406b8-6127-4868-9c40-49d3125876d9,56,Female,Divorced,144256.19
a7a56765-bdde-4248-8321-1eee740ae869,38,Male,Single,51855.12
812ab999-64ee-4f84-b975-5673a1522095,43,Female,Divorced,112225.47
8a26ec3e-d5a0-40d3-bad5-fa2cc4de61da,45,Male,Widowed,81233.83
4aade534-2c1a-4acc-90f4-901d312b7fa6,61,Male,Single,77207.93
1aa0bbce-2e76-4b38-aba1-95e7555d8914,56,Male,Divorced,128864.89
afa9fffe-ee9a-4dd1-a5fc-eb18ecb89c40,45,Male,Single,100926.28
c4a26022-d5e1-49f4-8efe-520f12bc89d1,40,Female,Widowed,135157.25
3e51fd85-7d05-4d7a-9581-1bbc4134dfc1,33,Male,Single,76356.07
4f1dfacf-271a-4b82-8c0a-bcd27aae9b58,37,Female,Married,45804.82
907ded14-676d-4bd4-80ea-2cdc250a44f7,32,Female,Divorced,39282.45
78930a40-b347-4878-97da-b2d906a7aae8,49,Female,Widowed,32783.36
74b9c781-dc2a-4d1a-9fa9-203e8aafab89,36,Male,Married,52204.4
6744a65b-0db8-4bb1-8fca-08af4c38a885,53,Male,Married,137200.72
dbbde816-84db-41d6-97d1-6f0e6ad5a80f,25,Female,Divorced,56318.82
9c6ede6f-9d81-4791-b342-0967fb09ff98,36,Male,Single,98268.8
600e427b-eaf3-4101-9ffe-6c5157424976,58,Male,Divorced,95195.9
2ba6eb9f-ff3d-43de-b4f1-4ac0408e2182,60,Female,Married,123835.28
68fabbb5-5875-490a-8fdc-599e4c01901a,29,Female,Single,122181.87
884b7cd6-80c9-4aff-aa3f-11a5d2eaee7c,29,Female,Single,63178.79
de3f4c71-d035-4b7b-b04c-46eb656a32ff,50,Male,Married,90887.76
2fad86f7-b2fb-46ec-bdd8-04d238b6d01d,26,Female,Married,135013.71
84d0fea1-0e18-4b96-9326-5d088c8ca0bc,50,Male,Widowed,134184.15
7fa002ce-8962-4d40-9097-08131dd76256,54,Female,Divorced,30246.51
08eaeda0-57dd-450b-9723-ff3329eef1e4,55,Female,Widowed,101902.79
c313b2c9-0337-45ee-ac75-64fc14197fbf,33,Male,Widowed,49966.07
bce6a3d2-3b06-4c81-bdfe-f12a7aa89099,37,Male,Single,62334.82
3b5899f7-1636-4ca1-9bbf-62341f28d7f9,61,Male,Divorced,100718.6
6f4560a6-e16c-4cc0-b383-3719c52f0e59,36,Male,Divorced,86781.14
05f459b2-8af4-49a1-a3d0-be6263a50390,63,Female,Divorced,87995.3
1518b1d2-b284-48d7-9c1e-629571225075,61,Female,Married,113245.13
1cd5c6be-b24f-4b86-8c29-b18307f5b3eb,45,Female,Single,100600.82
ceecbe84-a2bf-4cd7-a0c8-5db905365ff5,65,Male,Married,98848.63
66c55766-71d2-477e-87ee-876408b29877,58,Male,Widowed,71310.16
63b1c845-0543-44e4-afe5-a904c48e2f41,41,Female,Single,44592.13
d424119a-32b9-44e4-bff3-bdeaa9b5c46e,50,Male,Widowed,140572.73
7c81991b-17ba-43be-b505-39e1afe78495,48,Female,Single,31796.88
9745d2dc-9fdc-438b-980e-a8090ef5e716,25,Female,Married,50736.29
c38a8d74-2087-4dad-bf0c-1560e52ce933,52,Female,Widowed,115666.49
69e97da5-3c79-43bd-8ddc-2a95e4a2048a,52,Female,Married,93627.34
fd538ee2-32e9-4e45-8c18-bebc2ee1c2e5,64,Male,Widowed,119750.63
78ee2c8a-338d-455f-8cfc-ce1bb2f286e6,59,Male,Married,42683.85
0939124b-a9a9-452a-aa77-f234c0dd93f6,25,Female,Married,114362.78
99fc93d4-2291-4259-977c-ca7979f212d8,62,Male,Married,81263.47
eab3219c-dbb5-4f39-a070-a06cefe21e4f,32,Male,Widowed,41194.67
b92ada3f-a2bd-4e33-a5cb-42ca5869bdcd,33,Male,Married,45406.01
1c94ff59-5443-4378-86c0-ea03526bd201,29,Female,Divorced,84104.34
4e91fef8-ab4b-4852-b947-76955418cb86,35,Male,Single,135886.09
6ba8b62a-ace7-4982-b519-c648ef229898,50,Male,Widowed,77300.6
10545d0d-fa45-494f-825c-8bb0d40b325d,55,Male,Divorced,47827.13
465ec135-3cea-4c34-bca6-b3909b95d338,51,Female,Divorced,100301.34
84318e9d-2e8a-4fb8-8ff3-4583f06e2959,41,Female,Married,55043.17
9e78d875-d032-46f6-ba3b-768037f44d10,43,Male,Single,33281.75
7e2c5146-5723-4fd3-be44-5aced5cdd759,26,Male,Widowed,144665.82
0cb57a21-dc63-437a-a945-0e5b449e87c9,42,Female,Divorced,142514.62
5b554bc8-8ee2-4600-9fff-8e245a95e543,38,Female,Married,145441.1
a60e19f6-6d2c-4c51-9b1c-5033017cace6,52,Female,Widowed,117556.29
b4f37b28-9d97-4525-9cd0-9720c1272082,50,Female,Single,38714.71
d82bd907-651d-4050-8d9c-469c725c0c85,34,Female,Divorced,80255.36
8140e145-3797-477a-88f7-f6e7962107d7,62,Female,Married,146723.29
2ebff68b-2a7a-4533-82ec-6b794cdba337,42,Female,Married,141120.91
6c3ebf18-6752-4cf1-9d18-5b23f4c82236,33,Male,Widowed,80653.96
b6f77102-b3a9-4c47-88c1-c110dbaf77cc,54,Female,Widowed,105882.0
fc1f2bc3-6a8f-4dae-b12d-8e360ca480f3,60,Female,Divorced,41421.25
591f791e-8b19-4825-b91a-442a53c19548,48,Female,Widowed,144881.0
8c87ddb0-5357-4b3e-848a-228fc001f4fc,30,Female,Widowed,108719.99
12c04a05-9a68-46f7-a7cf-d8c33df7b352,56,Female,Single,78449.14
13306d67-e439-442f-a1af-ca29ba226c13,43,Female,Divorced,50238.26
871e7620-4d86-4bb8-b8c6-23b3afb00d15,51,Male,Divorced,83784.6
bc2bb0f9-033f-464f-ad13-af0e50bb1f9d,32,Male,Divorced,34185.8
1b141605-4f24-48ac-907c-869806c82b7d,62,Male,Married,122273.9
de94605e-668e-4cb5-8fec-9784cdfe3a67,35,Female,Divorced,48256.1
c95c1446-3a7b-4415-a221-3c6db88e380e,29,Male,Divorced,82188.89
a791f4a5-2641-4ed9-8b4a-7d64113d0ed5,46,Female,Married,143545.13
6109d10c-d699-4852-8714-c2b09d36cbc2,33,Male,Single,42466.22
54fcceee-91ef-486a-80bb-06e8159dae3d,55,Female,Married,127059.85
9d166630-15f4-4eb9-8787-bc6241f803e1,61,Female,Widowed,72479.8
129c9cfa-e495-4d58-83d3-6debdc2a263f,41,Female,Single,95952.47
cce01157-0693-44e1-8730-c597c4aea25e,32,Male,Widowed,88748.13
4403a52c-f088-4efc-9457-f4b9564f92bf,56,Male,Widowed,140103.92
f1857335-1075-4e08-ad23-5f9486495b5e,60,Male,Married,89861.95
b0586efb-9b2b-4483-a798-55b6989e73e6,55,Male,Divorced,138313.46
f071a91b-3a0d-4d9e-a4bc-7f6436ab16b4,31,Male,Widowed,54290.36
f809a57b-2fb2-4bf6-9c7d-1d9a1862853c,28,Female,Married,31079.54
7a9e0a13-7ec6-4fb4-b312-27129f3c3ed1,63,Female,Divorced,53692.01
fbb5215b-cea5-42e7-b108-d546854db5c6,30,Male,Divorced,89170.85
5af80282-7b96-479d-8746-bc224117dcca,31,Male,Widowed,40184.06
2fc8de46-c370-4735-8698-48d7acc94511,25,Female,Widowed,125460.81
2529ea32-359c-40c6-94c3-fb660fa2b699,39,Female,Widowed,85000.0
21168294-9668-4d17-ba16-5835e1a9aed4,26,Female,Married,92329.75
e6ee65e6-338b-4302-b14b-5e6f798dd5a5,46,Male,Married,65479.35
58798b5a-1070-4583-97e1-84bb5c7a0c04,55,Female,Single,96318.78
2f0fd9fa-9e4c-4f74-832b-1a7cb188d850,32,Female,Married,123591.14
3e22b1b1-928e-4689-a0e8-c03f46c8306c,37,Male,Married,76899.36
b8b30c25-befb-48bb-8535-5d45e4e8012e,64,Male,Single,50293.77
54ec0bff-ba61-4d73-9460-e391fa337aba,33,Female,Widowed,46780.84
347001f9-55dc-4b74-9573-5fcaa9978a25,31,Male,Widowed,148738.15
76fa9d4f-4ba5-4bda-af7a-c99c3537adf2,61,Male,Married,53704.54
1f324a4b-0c60-4eb5-ab39-6f3f36fffd9f,63,Male,Single,148059.79
2459fc44-f122-47b8-912c-78f9cb89031b,35,Female,Married,69002.78
956eb0eb-a1bd-442b-b804-1d8548c876e1,33,Male,Divorced,107956.13
a8e9b942-7f28-4382-82a0-69ec4b0980b0,42,Male,Divorced,98223.94
7b1ade6d-2b72-4d83-b37a-ea512ffa1d46,32,Male,Single,89124.78
7650334d-9f37-450e-9f75-480df42e6183,41,Male,Divorced,46392.5
19f9083a-84d8-473e-aabe-e6f601482fe8,36,Female,Widowed,131818.45
86597788-1edc-4fe7-bee4-ae9930c654a6,30,Male,Widowed,128595.0
78bf138c-e0e5-46a2-b3f7-862e81087701,57,Female,Married,46086.78
0f5ab3a6-8801-4c5e-9006-9485d4f9f71d,57,Male,Widowed,35670.59
18d4925e-9d4a-486b-95ca-be8a5e794ac0,47,Male,Divorced,80361.99
d4b2335f-09cb-40cd-815e-0d20114bdfd4,53,Female,Married,121542.69
f800cd3e-0732-4bfa-8f74-e20689805783,29,Female,Widowed,105877.86
316fffa6-90fe-4ad4-9e9c-413aaeb82764,57,Male,Married,77847.14
dc83e26c-bd90-4f8c-85ed-26c4e619cdde,61,Female,Divorced,30317.49
6e91310c-7796-42a7-8ba8-65b4e2593cc1,55,Male,Single,66957.9
338b78e0-6e4f-4ca1-b2e7-6651c1a2ab46,63,Male,Married,56705.73
e1567b66-35ae-4ae5-addf-2f437ca56e1c,28,Male,Married,72729.18
5c5e33df-3ad5-4d15-af4e-dc49f30cc3b4,60,Female,Single,97150.41
27e67401-6660-415b-96ac-856eef18c23f,65,Female,Married,120118.96
4fc45ef8-a846-4004-b57b-81216d29cfc0,48,Male,Widowed,81620.43
072ef68c-7e85-4a4e-88b2-c5b63b474e41,62,Female,Widowed,97750.19
e1dc7687-970f-48fa-bfb5-94fd6cf3c104,42,Male,Married,140684.27
d3e7f399-4a8a-44f9-b1a2-b4a4c6d1048d,37,Male,Widowed,40329.39
4a7e6887-1037-4c09-808b-a46dcc53d1e0,51,Female,Single,83789.81
ed72e495-0996-4e00-8b6a-bbe91b67f1e8,45,Female,Single,51560.74
23e19b2a-15b3-45e5-8706-1d2d913341b3,59,Female,Single,145498.99
5e943301-05a3-480b-8faa-26edaaf5b18b,48,Male,Married,141575.18
aa4300e9-208d-4004-8229-149ed6211da0,33,Female,Widowed,148213.71
169663fb-a831-4632-a51c-bf9bdb3ca00d,44,Female,Divorced,112803.14
0f194d1d-905d-40a8-a504-39fa07ab3361,29,Male,Married,42531.75
000af7d5-1b6c-4bf6-b084-312b8ce0da70,48,Male,Widowed,42334.06
bd07f667-1760-4cc5-9ecb-b45752793d94,55,Female,Single,68697.06
c309b6c5-514a-49c2-901e-c21fee3f5277,35,Male,Divorced,78191.68
07748f9e-b470-4c9c-848b-a8517d3c8411,33,Female,Married,103838.97
daa459e9-645e-46a9-8855-79b36ac9be85,36,Female,Married,105300.57
70985271-b5bb-4550-9967-96c420f82a40,36,Male,Single,104921.37
38471a32-4bec-4de8-9b71-9ddc7a47279c,61,Male,Single,114790.84
f7fc6daf-80d8-4ad3-8680-90de72a04e25,45,Female,Divorced,73400.92
08a3a282-c981-44e4-aafb-23202855d3c5,42,Female,Widowed,78504.44
0c960890-6bab-426f-9fca-862eaada13af,26,Female,Married,53216.19
0257dbcf-2cf1-4c8f-942a-422a1ec2c2d5,59,Male,Divorced,45523.86
1021a574-76f3-424f-9c1e-fa129b0c7db9,28,Male,Divorced,57584.73
5caf2f1d-2f08-483f-8993-5394308349d8,55,Female,Divorced,89847.96
d4c5a7d2-86e4-43e7-8d70-59600479372c,28,Female,Married,143798.15
ccfb4cec-4b82-423f-9787-2ff228a37b76,46,Male,Single,97397.33
af3a802f-8deb-4c65-a936-a59f96e0bb9d,45,Male,Widowed,78073.54
eebb8751-138e-4dbd-8696-f5d06e2b92d1,31,Male,Married,86945.13
3950c28c-376f-456f-a337-94c6d3eee20d,56,Male,Married,74972.95
85733f21-3e75-4cca-9882-bfb7564e13ca,43,Male,Single,34425.23
e79dfb9a-af9f-4b18-abc7-4d209870b6a1,64,Male,Divorced,146147.0
05d61987-0c64-4782-bac4-a2dc589c4b29,39,Male,Single,72585.37
f92dfa44-c7b7-4d09-b022-27cb9c9017c4,41,Male,Divorced,37112.82
c7e1f066-1909-47fa-a26b-00106c50a4e4,29,Female,Widowed,50854.82
71e11928-0566-471e-97aa-edd36ad2afe7,29,Male,Divorced,84671.79
eb0aefa1-453d-487a-b52f-befa0765df3c,55,Female,Married,141163.57
b9c338a9-ea40-43ca-8f49-4a006d0c8441,25,Female,Single,67032.56
a0da257c-c01b-4a3e-814b-6d876332efa9,50,Female,Single,131487.71
6c83e6bc-8d43-4741-87eb-a955646abcd3,41,Male,Single,133751.42
104bc7b5-d1fb-406a-b6e6-dacf8a5acf05,59,Male,Single,140619.86
8127ae8d-2002-420f-9661-02079753bce1,28,Male,Married,31097.06
7dd55609-8612-48f3-9e56-167fa3bd270d,46,Male,Single,106233.27
f7bfe3e3-d72f-480c-85ad-5f03bd10a6a8,58,Female,Divorced,84491.33
8bc62ac4-9238-4cf0-b316-b97176023bc7,27,Male,Single,135988.46
1d6eb058-00f2-4cbb-b446-bf43c58b5abe,63,Male,Widowed,39675.72
3f141308-ca85-4f7a-a4f1-71970f5fd22b,55,Male,Married,31750.32
e10f2e93-83e4-4498-98cf-03b9471f05a5,27,Female,Widowed,120453.07
08609ea8-f982-432a-9c0f-a0d0400b7563,51,Female,Married,120100.98
86d76d46-e0f2-4b18-ac8f-4eb6810f0331,41,Female,Married,106477.37
4dea0e26-3b06-43c4-8a69-9729c6b295a0,33,Female,Widowed,42013.92
6ea34be3-ad8d-4955-a296-5a27ed8a364f,51,Female,Divorced,84684.37
3eb4c331-c2ec-472f-9e53-e7131681cd6f,32,Female,Divorced,145332.88
84b752cf-271a-4901-9e51-cde059a0e1bb,52,Male,Divorced,73586.34
5edd78c4-1837-44c8-b8d3-3b75dc09aec9,58,Male,Divorced,134911.07
736d2600-eb4a-4b63-9b58-0ba62772e607,58,Male,Married,134985.82
3615b937-44ef-440c-9961-459976c173b7,29,Male,Widowed,131284.38
d377a791-f56d-4744-9114-6e175273c261,41,Female,Divorced,133935.79
ff73024b-63e0-4013-a5f5-4a470728e844,65,Male,Divorced,38647.6
736c20b3-a22b-4096-84a2-32abf691992a,44,Male,Married,47085.66
d95d9eff-55b7-4c4c-b829-fe2d64ae03df,25,Male,Divorced,100751.28
d411bb4b-54b6-478c-9e5d-187229a58f9c,48,Male,Single,147220.56
4e54cdb3-ac3f-4847-b1b5-3d44bb415702,30,Female,Widowed,45393.32
25703cc3-1fba-40b2-bceb-3f41d80e8b06,48,Male,Married,142789.81
b41a56a9-52ee-41bc-970e-f75b534ef29c,28,Male,Widowed,147125.71
a6c80eb0-b268-467f-b539-34af08c4e98e,34,Female,Widowed,102657.28
431cc1be-9490-4eb9-acae-4d5ef071d57b,46,Female,Divorced,105817.77
c92ddfe7-1a65-4e95-850d-53ad790ee6d2,64,Male,Widowed,74810.05
89eaae31-2b19-4b1c-a8df-10eee8023534,42,Male,Widowed,119120.34
c4f6a353-e682-48a4-a68c-eeec433c70e8,59,Male,Divorced,70194.11
2b42db00-078a-4f96-a47e-9a15d8648d41,59,Male,Widowed,149752.05
8806f3ee-16d0-4bb1-8ec9-c2ae80ae3f2a,57,Female,Single,128406.62
25997e78-c072-4ed3-ad26-5dde9aa1ea32,27,Male,Widowed,137162.04
86aaf9d6-3f48-4c3d-895e-e4280fcb2974,25,Female,Divorced,64105.65
7703d165-0f23-4bbc-8841-90a5c9d0f382,64,Female,Single,147112.64
a0f5492d-8bea-4dec-b4dd-7d7d823c1ed7,46,Female,Divorced,36811.26
0ddd3775-213b-487a-bb6d-997541eeafd9,36,Female,Widowed,92005.89
e0c6f3f4-00af-40a4-8795-28e446da3f82,56,Female,Married,101194.82
aa660b73-469b-4b9d-b95d-93067028504d,32,Male,Widowed,142824.11
eafaf052-be39-460f-b079-518aabbe942b,46,Male,Single,136411.28
2ddbc414-d70e-4363-8913-58ee5e8eb58a,38,Female,Widowed,59298.79
a3678a9e-5c9f-4695-b50d-fea6361fbdff,43,Male,Divorced,66009.9
824ac752-c773-4227-8f8e-852802b3cff5,44,Male,Single,89636.96
1a07be5c-1519-4359-b404-380198723f43,45,Female,Married,144431.57
a7606b73-fe26-44f8-9413-8cbf69037604,25,Female,Widowed,126075.96
9e65308c-7ffd-4683-99ee-c72c03d5dba5,41,Male,Single,112657.02
54f92a7e-9b0c-4a62-bcea-5672ee56526f,57,Female,Single,59780.44
c6612c2d-3531-4270-8aaf-253594c33787,32,Male,Widowed,144719.15
0663fe70-89f8-445d-946d-4166f38037ec,35,Male,Single,147717.51
03d94c95-56b3-4dc3-8b83-dde318cd5cf9,33,Male,Widowed,38905.05
2a5e573d-5141-449e-80de-6f2304ac1836,60,Male,Divorced,131267.01
21ffcaff-ae27-4764-8ce9-26cd62bea7c8,53,Male,Widowed,73341.97
5ec8da97-62b1-47db-9be8-084813dbd599,64,Male,Widowed,112271.58
50ca794e-1c3d-4833-849a-f08c0718156d,55,Male,Widowed,57654.23
f682a6df-3f9c-4610-8c6a-945f67c7c63b,48,Female,Widowed,35245.03
a0268cb3-7c9c-4620-a3a9-dea137dccb5d,39,Male,Married,53840.5
8672b56b-e6f0-4698-90a4-d8cb8a4e87d4,45,Male,Single,95866.28
ab9b05f5-4f02-44c6-8f70-f9542ba20e02,58,Female,Widowed,47820.59
8c76dbdc-6e92-4862-a0e9-e5ccdaef0c61,57,Male,Divorced,96568.45
4b9deee0-57ef-4a1d-8dfa-77a93a4b3d82,57,Female,Widowed,58831.75
8a7b613d-2379-4220-9e0d-bbbc4a08e7dd,29,Female,Widowed,51738.12
0ba9b9d6-e17e-4104-ae69-507b3b614ca4,40,Female,Widowed,72574.72
7c72449f-0b12-4213-98d9-a1227ff9df06,42,Female,Divorced,30758.0
62c45e21-39c9-4915-9955-4f1cd08db47b,43,Male,Single,145664.83
c5d963a2-1882-4b54-a069-8a4d9136407c,39,Female,Divorced,86710.17
cbde64d8-689f-4436-bfbf-dab1395df68d,49,Male,Divorced,144197.34
d91082bc-4a28-4e1a-88cb-3e517e97792b,58,Female,Widowed,69026.44
1c52d33a-fd42-4d4c-9a62-6928f45628b2,25,Female,Married,65786.4
94569f6f-6037-4347-8eb0-7b802d5c721b,45,Male,Married,53403.8
006c95a0-09fd-4a53-b249-c1f2e3f4b2cd,47,Female,Married,138247.96
0d13f57d-d0b4-4647-a1f1-4370555193d1,38,Female,Single,111298.14
487129a8-78a1-40f1-bdd2-b59dec8eff97,27,Female,Single,144967.86
267da268-275c-4d90-83ce-52c97152907c,47,Female,Single,47804.31
218d66c2-9858-4c3e-9d52-7acaa7763ecb,49,Female,Widowed,129103.99
6cf67a60-774e-472c-8460-5322b362bd16,36,Female,Single,95545.65
4672956a-a055-4ae3-b88e-c6c2ac845136,32,Male,Divorced,127508.62
8d795c87-8b1c-4018-adec-3f3b4af209d1,39,Female,Divorced,52705.35
64091c21-96e0-4e47-b695-3b16782fdf4d,34,Male,Single,57916.22
a7a3f180-fbf0-48c4-b174-20ac2e0ea5f8,51,Female,Married,59852.9
b1c25edf-bc40-4dfd-a3fb-7c00dcb9cc9e,49,Male,Divorced,114553.62
516ad0da-b7b6-4d93-b102-ed920934870f,62,Female,Single,68754.41
ebff64b9-fa3e-4bf2-9061-d88f77e8097f,41,Female,Married,98440.72
70b11c57-9fae-446e-b9e6-974495e645ca,54,Male,Married,74208.4
fb699323-6220-4692-857b-e21b27cc3159,59,Male,Married,112436.74
95ed0a0c-99f0-43bf-8fbd-9128141e9f9c,29,Male,Married,32931.85
9b1cc121-0dd8-4ef5-a1a2-60bf3d0b5e50,36,Female,Divorced,78422.04
973874a3-99e8-4604-8679-4d39987cbd7e,50,Female,Single,68283.07
ed25620b-4d67-48b2-acfd-36a1a29b5661,29,Male,Divorced,44769.97
612dffb1-fe1b-415e-804e-f140f423181d,57,Male,Widowed,103588.82
065731d0-b4b9-461c-a06e-b8333c733985,44,Male,Single,145133.25
f0c5fdce-ce02-4fd7-996a-3d648af08e12,57,Female,Divorced,104261.34
0dffed91-dcfc-4d57-9c54-c0ade0ead451,56,Male,Married,71073.77
c7e8d282-e4ae-43cb-b9ec-66da62cfb28d,39,Male,Widowed,54380.59
55654276-9842-42c3-a4a9-5f64cbd0982e,60,Female,Divorced,140060.19
5aae4bd1-1a13-4b44-a0ed-282193d23a2a,50,Female,Single,103044.15
9776d1bf-08cc-472d-92aa-15eed2e1a500,30,Male,Single,126655.44
44325e79-eb44-420a-8474-3b23029d19cb,39,Female,Widowed,125931.9
2bb4994c-5bba-4746-9e4e-23d2eea258e3,45,Male,Divorced,95254.77
e843e6bf-460d-46ce-81ae-cc4bfa21f6fe,42,Female,Married,132283.27
f1f7a519-d1a5-4ecb-b70f-fa022b0ab01d,35,Female,Widowed,91190.93
2f559227-1cf3-49d0-abd3-897a1cf9c5ba,47,Female,Single,122379.89
75a1fe4c-416f-4b92-ae46-7119086eb1c4,51,Male,Divorced,82165.69
70fec5c0-64d1-4fe7-b12d-103e9a40f241,27,Male,Single,63201.03
ac920e0a-dcea-4bc9-bba9-09b9e9db3951,49,Female,Widowed,58524.49
74e45e42-3cde-42f6-8340-a4116bbf03e4,49,Male,Single,33537.07
fd1b6556-f43a-492d-8d13-621c15da997c,47,Female,Divorced,45453.27
d2057972-c3f5-4892-9268-19d9845364d0,65,Female,Single,99178.39
604d4aa6-a62d-4385-a888-b8b2832945f8,64,Male,Widowed,134951.56
4bba3b18-96ef-413d-8c40-bd2020c61458,29,Female,Widowed,83895.13
13238961-3b8a-44ff-b56d-6c535cf96594,41,Male,Married,114787.83
961ccc97-280a-4beb-bb8e-ff51bef50c22,52,Female,Married,89595.36
d6123349-117a-42be-a9f4-596584d4d04a,56,Female,Married,98009.33
cdd86336-8c7c-4a22-9add-179cebac5555,65,Female,Married,41716.55
33b48326-50f8-4438-818c-a42f4c4e5bb2,59,Female,Divorced,86026.98
09bb0b66-c6a4-40b2-bcbb-2749a6b3de91,57,Male,Single,133363.56
43e8212a-3587-4f90-934d-5772462526fb,54,Female,Married,109195.65
fcd6da72-1473-4c30-a173-fd1b72bc0b73,29,Female,Single,91698.78
34e0d0de-b83f-4afe-9517-bfebf7bee8bf,48,Male,Married,76496.02
f4ffc16c-4ba1-4e27-bce1-45e87e21f2a7,30,Female,Single,66294.49
1741fb14-d53d-4c14-9a53-b95bb5b960f9,26,Male,Married,91374.4
b0a78cb9-a316-4f0a-a963-8a57fc9c2191,62,Female,Married,85223.97
5749cd62-02ae-434c-9fcb-8b9f405523dc,46,Male,Single,62928.04
23b8322f-a222-4426-b266-69549d3c4fb5,28,Female,Single,55965.22
80c3b8ca-dcfe-4ac6-aacf-33d5bcf0f9b0,50,Female,Divorced,39637.62
157baf27-72f9-4f61-a10d-cb4c3cd564a6,51,Female,Single,34903.28
049d7a39-dad4-4177-b44c-57306132f84a,64,Male,Married,42422.78
1e6c77bb-723e-4295-b859-f20b635bf4bf,29,Female,Married,38193.39
079b589e-2c33-417f-bb82-03ea1035a796,58,Female,Widowed,76926.86
090c58ad-45a6-4dc1-9e3d-cc7c7c8de23c,41,Male,Divorced,114974.29
6a53f6c7-8044-4335-9db1-ca9289bc3057,38,Male,Divorced,108140.72
3b5c7278-d6ad-4536-b0ee-6d6b71620ff3,39,Male,Widowed,128372.4
780b37ff-4c26-40ba-ba48-6ade78b61af2,62,Female,Married,73717.37
f0e91596-2002-47c7-923a-bdbc678fc606,56,Male,Widowed,127995.95
9d1ac9d9-8fa6-424f-9345-d0920117796d,35,Male,Divorced,75832.0
53cdcc71-850d-481b-bc19-6bdc94025d68,25,Female,Divorced,134977.42
7073fb60-c884-4326-9146-a848d407aa11,28,Male,Married,104974.4
75c4cda7-25dd-4f36-8f9b-06c3b0f0fdf2,46,Female,Single,122433.65
680f00b1-315d-4909-94ea-d2660d4a3187,32,Male,Divorced,143683.03
d0b7db6f-46d4-4ae4-8af2-69aa059af9c9,57,Female,Divorced,65310.03
20611cfd-8768-4c83-b900-6a022904bd9f,58,Female,Widowed,118111.34
3a6164c2-f1d5-49af-8e5a-194e2548cc00,41,Male,Single,75610.06
b6613d59-0cb3-4e1f-8353-0530da4b6120,40,Male,Single,58080.08
5a1a7c90-5ae4-4944-bf04-64a91f17013b,48,Female,Widowed,119754.28
cdf947dc-2486-4fea-8ab6-238937cdd208,47,Female,Widowed,88738.48
1683611c-440d-40c2-a249-7539414dd2c9,64,Male,Married,110943.64
a1fae98e-30e9-436d-b540-8c1116b36053,56,Female,Divorced,43321.92
a2f12351-667a-41af-abf9-46d5f3899391,49,Female,Single,149911.58
3830a67c-ce3e-45aa-91fe-c88b4faaab3e,62,Female,Single,33083.56
a7b08ba0-9710-4eaa-9cdb-42c7ea8e9812,37,Male,Widowed,116913.1
4f6cc76c-5f1d-4f25-b196-63a7af1ed707,31,Female,Divorced,89414.44
c6db5c5b-4431-42e9-beaa-6506170a3167,32,Female,Single,39884.96
5b6b03c9-dcbf-4995-91ef-e398a1ffdd27,38,Male,Single,30019.41
f0834630-bb01-4f7c-9df8-5c6c39105dfd,39,Male,Single,130378.38
9fb7321e-4581-497f-848d-b3ba9a5d48f9,51,Male,Single,109907.0
baf5f553-bf24-4e8d-98ae-f5a6f17cd309,46,Male,Divorced,46828.41
1ac6675d-7002-4f07-ab95-4a3a6ba48846,37,Male,Married,92694.96
2597d6c9-6939-409e-8a46-cc11f20ed53c,38,Female,Single,86526.24
9eb6e8e5-6fb3-4bcc-8da7-85ab8f49940e,61,Female,Widowed,96239.03
b86afc65-7099-4e62-850e-a7a67ccc7e2d,36,Female,Divorced,90840.62
2f76ae37-c711-4f3e-9322-06846c33b1a6,30,Female,Single,144023.28
89ed9701-a81f-454b-b939-dc95b9d9fb99,33,Female,Married,79352.03
e1d58529-87b2-4719-a461-aa290e66aec5,45,Female,Married,50223.96
1208969b-14c1-4a34-8e0b-f5762e582ae4,30,Female,Single,125071.73
e9d3c275-f5fb-44b3-8b72-f35ec468540d,51,Female,Widowed,45617.59
38ea4cbe-a087-4329-92f0-68024ad6ce57,65,Female,Divorced,95268.47
5bc41f23-4640-40f6-9403-f4cb5a8fc4ef,36,Female,Divorced,72902.58
bf0942f0-dbe5-4c6b-b302-5365c69e0739,43,Female,Married,38080.73
63499edb-9587-40ef-af75-67ace0cb6add,28,Male,Married,116343.51
8c37e7b4-584e-4d29-a0c0-e4659838c584,50,Male,Divorced,84556.46
acc90466-a6be-466f-bdb5-bd02d00ed955,64,Female,Divorced,125268.58
85c28136-89f6-48ba-8fe1-27f95b2daa42,49,Female,Single,101646.87
ab8e99fc-0d1c-4fc8-b605-c22254632cc6,62,Male,Single,97038.27
f790a587-bb44-4b85-940f-af8d92993106,44,Male,Divorced,137457.33
22aa624b-c533-45e8-ad2d-d9c231b9f3e6,62,Female,Single,108652.18
a6ca8e5c-321d-4c9a-932d-7b95dceb2001,64,Female,Divorced,143265.91
83fd83e6-cc11-4beb-97a6-b4d451f10158,62,Male,Married,61888.16
87a35869-ceac-41b4-a3c0-8d9a0f238880,55,Male,Divorced,54643.63
4ff4190f-499d-47a4-b26e-10824694de4d,61,Male,Single,130413.1
deb13036-99da-4295-a49d-35f90b31b145,32,Male,Single,144271.01
24455026-cb84-45b5-9d41-23d6f62165ae,54,Male,Widowed,89130.2
798892eb-789c-4f26-b5f0-e0c49f9cbf79,41,Female,Single,75674.16
1b875c8a-4561-458b-ac54-30dedfaa9643,51,Female,Divorced,109606.22
94ffff74-2c25-4892-b239-4b34171618fd,40,Male,Divorced,58763.16
69867f8b-6a6e-42ad-8362-aa98d9680417,38,Female,Widowed,91949.28
236f0be9-cff1-4f4c-9c49-2f0499dca8bb,46,Male,Widowed,70508.68
2dbf823c-5655-4206-84a3-0cf3985dfef7,61,Female,Single,80925.54
5b10732d-87ae-441c-97fe-8424a9d629ab,32,Female,Divorced,93156.29
0938428e-09d4-4c23-8c11-22a7a0d09ff4,46,Female,Married,108600.56
214f7049-d502-49e5-9f75-db90bde264fa,61,Male,Single,76363.98
31ddbe94-2c27-4e74-9e12-6166eaf04593,59,Male,Widowed,141740.19
abd9bd5e-90b2-486b-b9b6-31d3dbdf1801,51,Female,Single,113152.61
7f25ed67-f66d-4158-9bc5-8b75ff07b3f5,59,Male,Married,93777.14
d8d0927d-20b5-4735-b64a-071a37cfadd2,61,Male,Single,62076.0
6f3db40a-7f31-4863-9061-187d2af4dc6b,62,Female,Divorced,71218.69
140b2c17-20fa-42c3-91e7-b8822333bb17,44,Male,Married,134289.07
ade2b802-3d02-4635-8c0b-5a9b0899f08f,30,Male,Married,59868.42
4df00025-f796-4600-9cea-5cbff9f868f6,41,Male,Divorced,63497.7
cbe1db6c-4468-401a-874b-6aeb494526d2,64,Male,Married,122095.67
2cf20fa5-5d5c-47a5-9123-bbb3a7c428e5,44,Male,Married,112059.99
414de081-4761-4cba-a8d6-f012db6454e5,28,Male,Widowed,127210.84
704192e5-0d0d-410c-a657-61696a310ca7,50,Female,Married,115570.95
b737fb7b-7432-4b71-bad5-9615e08be3cc,48,Female,Divorced,39999.06
e98363e6-847e-4cf8-88ad-896f6fd6bcbc,47,Male,Single,82436.97
dba3fa9b-8a38-4e21-800e-002edbdc50d2,63,Male,Divorced,69221.84
0316c041-fd64-4f16-a062-6d19f7d24c37,56,Female,Widowed,96970.67
83f4d138-4c64-45ed-b335-59960b33896f,29,Female,Divorced,106950.37
65cc694a-991d-44c0-aa41-24ba7208cba0,58,Male,Married,65026.1
5e6e2c41-356d-4a73-84de-5c8120f082f8,49,Female,Single,83464.67
89151f36-7bb9-4c2d-933b-db102be7a71a,48,Male,Widowed,119592.3
1aacef69-f147-45ea-87cb-0ad1071888cf,54,Female,Divorced,110907.17
9bfd9b0f-4587-4d20-95b8-5a4097fd961d,41,Male,Widowed,79285.16
2662d6bd-d096-45a7-9f76-5f0614c68d95,58,Male,Divorced,107623.74
4745983f-4d64-4a61-b1c4-68e44e9d0d19,35,Male,Married,34685.54
70648195-eb5f-4b2e-8e4f-b922b906a88a,35,Male,Widowed,67033.52
126eb0eb-ede3-4ea2-b868-9734824a8818,63,Female,Widowed,78310.71
46e3cc6d-ace3-4a15-9052-04cdb4008f1c,27,Male,Widowed,31182.17
a4a475b7-40f3-490e-ae96-e37f8f59b8f8,28,Male,Widowed,124989.08
502a8767-bc9c-498e-ab2f-25055ae0da24,55,Female,Divorced,143745.7
c1591a22-6ba0-4708-83f9-15161c8e4a82,25,Male,Widowed,145068.87
8d123761-bdb1-49c2-bb38-b1a7d4568e1d,65,Female,Divorced,75643.89
658437f6-bcd9-41ff-a382-ae7576642759,33,Female,Married,124779.96
1bc10f86-0b78-4943-92f1-63670b5ace4f,35,Male,Divorced,45421.94
7647a174-aa36-4bbd-867f-488bd84ce0b2,45,Male,Divorced,122218.15
2f651182-7aeb-483c-8995-f0f031175e76,43,Male,Widowed,86924.51
77de0027-ec1b-4bb8-8ce4-264b0520d2e2,55,Female,Married,88114.0
a73fb029-4054-4234-b00f-0ebf97c1792e,37,Female,Married,53200.3
dd1fbecf-55f0-4c9e-b140-e6a6d8e0cfaf,64,Male,Widowed,83465.79
ae3bfcdc-a059-44f6-a6ab-6c92f0c69b75,59,Female,Single,131073.67
8fdc9ac4-c62f-4ca8-822e-3533edc062da,40,Female,Married,80140.22
e91ae76c-dde9-4abd-82a0-9843688804a9,34,Male,Widowed,44613.39
b7e125ef-2c2e-46e0-835c-b1d181743c7a,41,Female,Widowed,103022.52
24855fd9-807e-42fa-9e59-afa6545dff77,55,Female,Married,135369.32
2a29cdec-0993-4e5b-bdf9-5e59ed69823e,61,Male,Married,95680.25
812432fc-e319-4128-adef-42eb0a941972,33,Female,Widowed,114437.28
10da5e08-0646-4e5f-9eab-cfb57115ddb4,60,Female,Married,136303.15
673edbb5-bc13-4acc-ab42-89afb76af51b,27,Male,Married,70644.44
a8015361-9a5a-458f-b6e0-cc4c37519760,58,Male,Widowed,141062.88
55ea1549-6f3c-4d36-ae07-5fb9dd04863c,43,Female,Divorced,66916.22
e4944d13-7940-49e2-9ec9-3086c0686944,31,Female,Single,145059.81
83692f7d-3729-47b0-9a64-4208fea74054,29,Male,Widowed,140217.09
9f8403d4-0891-4004-af71-b187d3f33dbb,40,Male,Single,40615.18
6eed893c-5759-4918-a834-d1cd5d5760f6,60,Male,Divorced,146432.62
cee05705-27ec-44e4-94ff-b17a245869e2,35,Male,Married,75872.17
da9b14cd-ab8c-485d-a195-af75e143267b,35,Female,Single,106162.21
18bd5023-9e4c-4f5f-8d7a-df203a2b82b4,37,Male,Widowed,137418.47
c22faaa8-55a4-4e88-b821-f26d989eb045,64,Male,Single,48496.99
39ffd108-7328-4610-b479-7ccdc74c682f,27,Male,Divorced,137230.19
41fdae83-7742-4399-9393-4dd59e2da1e4,27,Male,Single,128591.5
cc82d2f3-04ae-4593-b556-d4b6d6e8d211,30,Female,Single,81854.4
7e3e96e3-5ed8-4125-b0e5-bcdf386ef503,32,Female,Single,67692.15
c2281e66-73f2-47e6-9344-a3df4618439e,59,Female,Married,136270.21
9cdcf2b2-a714-40f4-b693-b3ddd4cef7d9,49,Male,Divorced,61863.41
693943e2-6538-458a-9695-7a629c2d1bb7,32,Male,Married,59945.28
cd1ac5a8-c2dc-4138-9c0f-01ecff8e0a3e,47,Female,Married,110609.98
bb428e74-2479-4164-9335-2baac9ac7d5d,33,Male,Married,64099.8
ecb68b2f-878f-4498-afd5-a756011ae810,39,Female,Single,117092.92
7b5acfb0-db80-4456-aca5-e666b25f41a1,29,Male,Single,72699.38
fcfc072d-bac8-4bbc-8e91-5c87d1af9f07,38,Male,Widowed,40661.23
83924556-63d4-473e-9888-58772e6d63d6,32,Male,Divorced,85929.97
484d733c-db3d-401f-be6d-f287687358ed,42,Female,Single,116286.17
c522ac4f-3712-4cfe-b564-d012526f84ad,47,Female,Divorced,120403.36
9fd6bfc3-721a-4b2e-97c1-816d48f8243f,30,Female,Divorced,36572.68
89c26874-d45b-4e01-ae18-ac56b0c77928,37,Male,Divorced,60461.56
adb19f81-98bf-4c1c-bf71-3a7449aa553f,55,Female,Widowed,77859.15
de359bef-9aa6-46d5-81be-a464f0995f6d,50,Female,Single,136269.86
db443004-2789-4218-96f7-854d9b6904aa,64,Male,Married,147295.8
89479f60-3e6e-4397-93d8-a410e993437c,41,Female,Single,107337.63
ea5358f6-c3a8-4627-a0c1-77255ebe55dc,26,Male,Single,141993.81
f76502d9-3c5f-4e59-91a9-7b6bb9f74bee,42,Female,Single,46543.75
1ae2a16e-5bdf-4d6a-bda2-caf20c1838b0,34,Male,Divorced,34375.15
da43f1cb-d833-45d1-876d-2a85b244293e,59,Male,Single,30863.8
2b943fb0-c178-4374-b0bb-f066945ec3d3,53,Female,Widowed,40178.04
4af84df8-ddcd-4026-9c67-3df6e98d1c23,36,Male,Divorced,94729.18
f32ccfb0-28af-42e1-95ca-73006fd4a153,48,Male,Widowed,48744.81
d2b5dd01-d693-4ee9-a247-759e2fea6eb9,32,Male,Widowed,71002.2
255b5adf-f8ed-4aee-bbd1-3df4559094bb,29,Male,Married,36354.13
70598d76-5051-4582-8461-b72bb6c6e253,39,Male,Married,58249.01
e784e219-5c88-4111-b675-00377852a4bd,50,Female,Divorced,124666.19
277753ad-42f4-4d6b-a2c3-5ba4bce6cf88,37,Female,Married,109474.13
248b227b-e007-4ae3-9b56-db21da6b65e4,25,Female,Married,117964.97
57038cde-050b-4a72-b60b-9f7f0d65e457,36,Male,Divorced,47008.63
ab2af458-42fd-492a-93bc-e2e1b11a67d7,52,Male,Married,60672.79
2e134308-7d25-4a31-8897-11039bbbc55c,39,Male,Single,89511.37
9aa53b26-3b4a-444d-969d-f1ea74432252,50,Male,Married,127862.25
df5f8d42-b1bd-4fe7-bde9-6534df6ab24b,31,Male,Divorced,44676.84
810af2f4-1155-4472-a170-d23c8bd9cc7c,25,Male,Divorced,95245.81
1b130b9c-4444-454a-bffc-f60c526fd9fe,31,Male,Married,31202.6
baf5b095-9cc1-4017-9e5f-3946b131ff30,34,Female,Married,126183.26
b7e9401d-3522-4596-ba3a-f219a1c61707,46,Female,Married,71085.76
66f1c369-e758-441c-9444-f4b6040d6466,27,Female,Divorced,87271.3
76b2c7c1-8363-4882-82fa-c7f3b2c9d34d,54,Female,Divorced,109493.56
e7d6576e-bdc1-4ebc-819d-bf991fe7d3f8,28,Male,Single,136808.63
419aad6d-c237-4dcd-bd06-9b5c75463c7f,39,Male,Widowed,35940.88
2124a2db-c982-4f13-83a6-9a29d2e43e29,58,Male,Single,50417.34
6eb6e176-f197-44a6-a17c-6edf10d06bfc,38,Male,Single,73285.24
8f5b5617-5ddf-4181-bfa2-da92dc37ae4f,34,Male,Married,33997.08
7db20fcd-ba0f-40a9-ac6a-031ed0c84a63,40,Female,Married,57248.07
7f622047-dacf-4518-9d7b-11c3051683e6,55,Female,Married,110989.45
bd257803-6f54-441b-9004-57d26cfc3841,60,Male,Married,84440.33
c4c358b2-5f07-4f86-965e-c5208c5ec746,47,Male,Widowed,32136.48
da349342-7ffd-4f4d-9cd5-c58c1885fdac,38,Female,Divorced,111824.52
132d08ae-a999-4709-9ed8-c194a86dd54b,25,Female,Married,131371.69
4f4eea44-70b2-401d-8315-12a9e8b60d14,25,Male,Widowed,73349.41
8bcf4517-9df6-4f02-a545-ffdd4192c043,54,Male,Divorced,127021.17
b8d2bc71-37a8-4b00-ad41-322b82b08c43,64,Female,Widowed,82352.75
1eece493-9f0e-487b-991d-d14fded6c29f,58,Male,Single,99067.61
d462fcf1-80a3-44e5-a0b6-574875483825,25,Female,Widowed,54555.45
e4f4cb7f-78e7-474c-ab20-cd993b6cd700,52,Female,Divorced,94511.0
52a13356-6968-4ebe-aaa2-d81ea52903a4,63,Female,Single,57913.49
7ce7e8bf-d3a2-4045-9998-3db433c1e07c,52,Male,Single,31356.67
6d6c3df7-e4d6-4900-9f81-fa7bb8a39e0d,45,Male,Widowed,113293.61
8a219665-da03-4ae5-ad96-04627bb32f52,32,Female,Widowed,30883.8
89c2beca-25ef-49a8-923e-00697e514f70,31,Female,Divorced,120253.78
8b3ffbbb-1222-4621-b40f-63f033705517,64,Female,Single,92379.1
fcde9cad-571b-46cb-a69a-9ae5c2a1291e,38,Male,Divorced,145967.18
e70f4f2c-08ea-4c0b-b4ad-a5a4f64a8dfa,43,Male,Widowed,102936.93
25780657-3ea6-492b-bac4-4237286dc20f,27,Male,Divorced,141512.14
d27e4094-bfbd-4141-8c2b-93d1f327b017,59,Female,Widowed,114347.87
82c3061f-5495-4766-8214-7188fb47233c,47,Male,Widowed,118382.77
4a1ba9d1-0da1-4114-867e-475f95860015,65,Female,Married,113311.41
ffe40c35-de2e-4dff-bdee-382c8c5fa3b2,57,Female,Widowed,81502.04
ce72ab5a-b464-4a25-9451-7fb183d1462d,61,Female,Married,37427.87
103fea98-9413-4d56-976b-002fc46875ad,25,Male,Widowed,104889.32
f70f0fae-3187-4fe5-8303-ea392fe8bdfd,56,Male,Divorced,59130.89
2e391d30-abbd-478f-a6b3-e998e7b0963b,41,Male,Divorced,92084.07
02c432e2-8929-4404-93ab-a70806e8473f,55,Male,Single,97497.41
2cf4d199-7262-483f-b911-f0e601894189,39,Male,Divorced,66871.27
819b8a2a-dfe6-4436-9a7f-0604803415f1,56,Male,Married,141172.25
787ce1ad-e3a7-49de-98c3-b423fa5ef9a0,29,Male,Married,143199.91
f5cf6426-0444-440e-8771-e8d5ee685d0b,61,Male,Divorced,141117.66
93e1a1fc-b19a-4798-aa30-847650061f4d,56,Male,Divorced,50331.19
9a24cce2-dcad-48de-99f4-c49322d880c4,58,Female,Divorced,88796.58
4ba3d43f-c2c6-4e5a-99ea-c8c57d2d7bf7,47,Female,Divorced,81694.01
0ba4641d-d7df-42a5-8e01-384ad137cc81,58,Female,Single,62714.84
f201af47-ab98-4522-bc69-df4b1240d2cf,41,Female,Single,123244.66
4d7c4369-bd97-46b0-97c6-60906916fa68,65,Female,Single,57691.96
46f93c5f-c751-4fa9-80c0-0833fec0b531,63,Female,Widowed,30164.3
0733fc3a-b651-4e5f-94d8-3076aa4da453,28,Female,Single,88395.23
14cb7c7c-ec75-421e-bd9a-5b4644a22f87,29,Female,Widowed,107228.31
740c7151-9650-4c14-9aaa-faf9a7bec838,60,Female,Single,111108.0
0841a0be-eef0-469e-9c6b-8819fafe8f5c,44,Male,Divorced,32114.23
23b769b4-ca66-4a99-b4d4-cd9803db5035,61,Female,Divorced,131606.45
7c85cc8a-c7dd-44e2-b633-29ee0d40e141,56,Male,Married,66144.98
ab4f7f1f-c3b9-469d-bf8a-3aa7f7392a21,52,Female,Widowed,98240.82
5e1cb49f-0884-478b-9960-393329e47e69,60,Female,Single,129591.34
48118339-5183-4d70-99fa-e362329a7f06,43,Female,Widowed,57770.46
f680db01-3342-40f0-9306-c6556f0d6d74,52,Female,Married,46110.79
1763e886-9cb6-4386-98e3-f17905750e0c,33,Male,Married,89705.14
0c301ecc-b1c0-41ae-a21b-9a90fea28fa3,58,Female,Married,69482.05
b38d8e23-b93a-42d1-a8c7-477c54de8941,55,Female,Single,50419.45
3e6832be-eda7-42a8-93d1-4fc14a633969,44,Female,Married,119736.36
cb78e821-1d1f-45eb-afdd-7372794bb12f,31,Male,Married,42766.85
b5935bcd-d8fd-4106-ad2c-cc9b09ae79a3,25,Female,Married,75449.82
e32ea879-1faa-46de-9424-2d8d59fcbfdb,59,Male,Single,146465.07
0d9194a7-eae2-446f-a88f-dc88e7f2ef08,49,Female,Single,34053.78
5d24d477-6a91-4045-b190-4c93c63e5aab,37,Female,Widowed,56481.81
cbf5b9d1-fa1c-4a5d-9413-92c831074a3f,57,Male,Widowed,55309.01
1dba98d8-d2f0-493e-b59e-774b20b27836,43,Female,Single,49511.44
59eb2447-43d2-4be2-85d8-da01d93a397f,61,Male,Married,93616.52
9ee78465-a52f-4dc4-a96b-4e0973339441,28,Female,Divorced,77387.83
0461afbf-d862-494a-9b3e-3991adae4875,37,Male,Single,57339.19
83cae4d7-df8e-4afe-85ae-09e80289d904,36,Female,Married,112777.45
5d31d8dc-1ba7-4426-8784-3faaa60159d9,30,Female,Married,105130.39
5977036f-69dd-47d7-ba79-f2867f42e1d6,65,Male,Single,95575.18
03a991b3-740e-4297-be32-724048965211,57,Female,Married,124609.78
7fc1e264-3a61-4aa7-88ff-74529ba74661,57,Female,Divorced,51894.85
fbe02b4f-f9bb-4fd9-ad63-2b48ab458768,60,Female,Widowed,123656.46
786df657-c045-4425-8624-ffdb2af9d3c7,42,Female,Married,60484.3
a02680fd-0a7d-4620-b5f4-288a7c72203d,47,Female,Single,125997.64
55628450-2021-4915-8573-c57c55a2bc46,53,Male,Married,86350.13
e46ad9f5-2b29-484a-9322-80e28751cc52,28,Female,Married,30256.93
44f59dc7-bf48-400d-8abf-743edd51ef11,56,Male,Divorced,79798.41
4097649f-e6e0-4194-9a8d-02899e9304c7,38,Male,Single,125041.54
62f33713-5121-43cc-9b84-5c1451634bf8,26,Male,Widowed,118076.13
8dfb0e39-94a5-44e0-b88e-2dd7bb939fc9,37,Female,Single,52432.71
68267903-714b-4bed-9a97-f11c7b3a4667,49,Male,Single,147954.04
adb503f1-8d22-4fc7-8e33-8eeb0838f3e3,27,Female,Widowed,143928.92
9c24c14d-9c51-44cc-ad6b-acb8329e9f5b,43,Male,Widowed,122348.86
bf3140ef-a9d6-4913-b0df-695dd319937b,28,Female,Married,130558.71
8ae1becd-05b8-4976-b9e3-8aeb54f6cf96,48,Male,Single,90668.39
944dc5b0-5680-4cc4-9db4-21a41f1aa05c,45,Male,Widowed,49013.1
23f9f4c9-0579-4135-85d2-39f7f516239a,34,Female,Divorced,73246.72
85088484-c4d5-461a-bafb-19c4d00bc56a,35,Female,Single,58157.68
77214648-b2e3-41ba-9276-4d488542db47,61,Male,Widowed,88490.8
60976955-4375-4c3a-b0f9-4dcf00dfd32e,27,Female,Single,57735.11
8707af8e-d255-4255-8db2-26f34da4dadb,38,Female,Divorced,142262.81
ec88e77f-2c2e-4456-8df5-be5240f159cb,45,Female,Married,124164.16
b9baddbe-54a8-4642-85f4-e358f1ad289a,27,Male,Married,95307.41
20755349-9b43-4bb4-b482-a60bb2d3e695,38,Male,Widowed,111579.86
041265a2-4934-4253-937e-18d7f216ac45,58,Female,Married,51902.18
c2a29175-9262-4f83-ba5e-2a14ce03f8bc,27,Male,Single,85573.17
d4f92e2d-eb50-4ed2-bfa1-5ae46922b881,25,Female,Married,101625.13
61784555-ba59-4b88-ae39-206ff676600c,54,Female,Single,104900.05
93bd1690-d4f0-4391-8303-d66ac7afc6de,50,Male,Divorced,71232.92
cbba42e8-0b8c-45e8-a78c-95561fddbd56,60,Male,Married,140430.25
9086400e-3aa4-471b-9d74-58a3c8502a32,57,Male,Divorced,44184.0
f41848fa-89fc-4571-af02-1199898fe1f9,30,Male,Divorced,55993.27
f22cc1cb-5fa9-44cf-a471-5faed420bd79,43,Female,Single,51285.42
bc58c079-4523-4a69-9f4c-393f7ca55873,64,Female,Single,63219.86
21e74682-fec8-4c8a-9a4b-21f2eb9f6669,26,Female,Single,65358.73
2232c29d-4e51-4cfb-b62f-6a6534c4fe78,60,Female,Divorced,128432.78
90dbdce7-707c-4ea2-bf8e-91fe12f09281,63,Male,Widowed,105133.67
fb6b4ed9-04c8-4c7a-b935-8356a91959ae,42,Male,Married,97338.92
a9658f56-5a32-4468-9059-77f3f2636d8c,42,Male,Widowed,79714.0
6b5d5c14-0332-4ebf-9848-01c3365562c8,29,Female,Single,121948.63
45d1f887-14dd-4a2f-bcc4-c6fa1caa4ffd,30,Female,Divorced,59868.0
aa47e683-7ea7-445d-8528-fe9175020338,41,Male,Married,145641.9
c9042e6c-4325-4735-8146-8a3d893dd39e,55,Female,Widowed,54280.75
985736b2-d473-4633-9858-374935c325cc,44,Female,Divorced,94770.0
a3aa79ad-01df-4c22-81a8-423bfd2855e2,50,Male,Single,93914.73
7695d68d-f465-4c35-8f97-1bca35878174,59,Male,Divorced,57512.7
125c6bf4-cd5a-4eb4-9490-7bfe2bb105bc,34,Male,Married,52379.51
a543f6df-1dbd-459a-8737-3e421d0259de,59,Male,Divorced,45501.33
e300b545-2d98-4e9c-a15d-f937531ed9aa,62,Female,Divorced,59231.14
dd9770b1-92f6-4953-b745-16a0669a1ec6,34,Female,Single,37571.06
2dad7f87-429a-42af-8afb-5fdbbc96d160,44,Female,Widowed,50567.86
5a98a141-3388-4eed-88c5-31d6a4fcae39,37,Male,Widowed,71466.58
47fe2171-e351-4db8-9f75-b63eb4c080db,25,Female,Married,114978.81
40f7a2aa-5629-497b-b6a6-cedd3a68dc6e,38,Male,Married,76073.36
77065142-edf2-4e19-97a5-0748d18eded0,57,Female,Widowed,41105.68
da169523-b588-402f-8af9-518ac37b2f45,38,Male,Single,38187.43
ceebffa1-ec7d-4ef3-a58b-2b9d95c75923,58,Male,Single,93531.04
70abe702-d210-4fd3-bb05-721b7fa1a7a9,39,Male,Married,56771.04
6e1d0bb7-c94b-4496-8c8d-9193a7f13710,27,Male,Divorced,70393.58
5a95417e-3274-4d30-98c0-39e89fae3b8c,42,Male,Single,111495.58
14d342a8-b13d-4705-921e-ee1ab5cb58ea,52,Male,Single,70112.34
44930a98-3f17-47f3-8638-50aa82e59bcd,30,Male,Widowed,117522.99
6c37a9e2-4fb2-41a9-9f83-ca7d3ab2af72,51,Female,Married,85009.98
d61f9a7b-33d3-477c-b083-ebb72f10d109,37,Female,Divorced,59707.43
631d5a86-51fb-4917-949d-d4292e4a280a,64,Female,Single,66362.03
f095b07f-683d-4c64-970a-a2f3515fa6b0,54,Male,Married,134575.64
d06f94c8-6cdb-4c47-9f41-b2f88eaafc50,27,Female,Single,136883.88
112749c5-0b52-4136-b3e9-2f423db4f0b5,30,Male,Widowed,119982.38
fc59de98-7205-490a-9514-f8560be3cb71,62,Male,Divorced,132650.67
07034d1d-1e53-4471-8556-9cf226b54c29,53,Male,Single,98416.97
a9d21064-6270-4c6f-b804-53a397a55baf,40,Male,Widowed,125602.38
b55648a7-b914-4d14-9935-326148a97e71,54,Male,Single,106150.6
117a2916-37b0-4b97-820a-00b06111e2a6,50,Male,Widowed,91876.18
b6815f29-4144-485d-a29c-4da4ba342128,57,Male,Single,89574.74
23a85f4b-dcd0-4d29-b224-29529c4d5ad0,55,Female,Married,73342.03
2f452904-7fe1-4401-9174-cd0279a55b59,37,Female,Widowed,108833.77
3a098728-fdd1-47c8-9fbe-e3910cef574f,33,Female,Single,34208.05
a4ba29ee-d8f7-49e7-ab10-75db1c19ce4b,63,Female,Single,37171.93
0c4dc541-77b7-44de-a70f-5486ff897865,38,Male,Single,119192.1
eac1d28e-1328-409a-a510-d292946b225a,54,Male,Divorced,140526.98
e5325eca-4fd0-4c8a-9808-35b989050ca4,38,Male,Single,77350.42
15b1aefc-83cb-4fd5-b760-e2471c935ce4,26,Female,Widowed,130777.96
6941c8a8-074d-4ec1-aa3d-c98ea59c9ebd,32,Male,Divorced,87876.6
a8a3e342-f678-4b26-ad65-8a400c7c962b,60,Female,Widowed,46880.18
afdf1e4c-a87b-469b-bff7-0da7bf171bb3,36,Female,Widowed,91502.73
caf965c2-cb34-41c2-b7a1-de8ebe828269,42,Female,Single,131000.9
7e67c029-f864-4371-9cde-4a6f0365a7cc,27,Female,Single,76179.15
ac44f487-bdc7-47cf-a1f5-76c6a7a69d0f,39,Female,Single,85647.71
02b86160-6b39-4140-9cec-acc2976793fc,48,Male,Married,137326.37
da773bdf-13e5-435f-8ae4-70b7f6518718,27,Female,Widowed,127283.1
c3ddb1f2-cec0-4d69-b07a-b35350798ec1,34,Female,Married,79555.93
16b3c4b4-237b-4f11-b65f-5bea9ceaa05b,57,Male,Married,95281.1
e446a60f-671a-448f-b40d-ef9b3a012a5b,50,Male,Married,126846.91
e659e1ce-702f-454e-b6bf-135ecc7c5576,36,Female,Divorced,107162.39
fb51bc26-58b6-42c1-ad8b-30da7ec9ed89,43,Male,Widowed,71030.69
b5f27e59-e154-4391-81cb-373283f8afd0,63,Male,Married,129209.97
cf8dc761-55ec-4acf-acd5-38b30cf96923,65,Female,Divorced,69549.53
a6de1971-cbbf-4f1b-8f65-f01f1587a128,46,Male,Divorced,57751.55
c1ce8343-d86c-4b62-b420-4ce965a7c2c8,41,Male,Divorced,55880.61
5500d7fd-780c-42fd-9579-65fbdf9aacb7,25,Male,Married,120136.93
1358f216-f755-4084-928d-a945c59a9322,37,Female,Widowed,66445.88
30e01e2d-a832-4a65-84a2-079f9aa649c3,33,Female,Married,114557.18
6c378c93-266c-4434-90c2-b8d800061af8,52,Female,Single,30678.27
bb8aaec3-65ee-4735-b5f2-5bc905266098,65,Female,Married,148625.15
d319dcfd-a0b5-48c0-89e6-6432faefadc0,48,Female,Single,56465.02
13d940c0-6848-4d41-88bc-e06b14acf987,35,Female,Widowed,116877.74
b6f809ec-6ec6-4e63-9e9c-be08d39d3819,41,Female,Married,31070.64
8b37065b-9017-4c87-9b47-9a1f2141884d,27,Female,Single,32083.37
a98daf0f-f926-40ac-9aed-c86d39a47411,33,Female,Divorced,122960.57
12ca16ad-815f-47c9-b2c9-f79553a0ddc6,54,Male,Divorced,64911.1
1ba0256d-bfc2-4136-8c44-73a352eb1fc1,26,Female,Widowed,96159.04
28a505fb-236c-497a-9ba8-49633a86b23f,44,Female,Married,47174.73
a4c2eb5e-fd2e-4485-8e4b-6cb92fbb176e,41,Male,Married,67106.02
b2f2e3e7-cee0-4a8f-88f4-b15dab22407d,41,Female,Divorced,129221.06
8c808e8c-b7e7-466b-882a-5799f8de63bb,27,Male,Married,30063.9
10a27841-824b-425f-8fb0-b8530063d7e9,34,Male,Married,139115.57
fbdfa4f9-5651-482f-8699-e7b68ec09658,44,Male,Widowed,49549.58
ce3406d0-99ee-4d5e-9e1d-de01b6c71688,45,Male,Divorced,49479.25
c19330c6-5024-424f-bef7-3222b5b89f12,47,Female,Widowed,148228.62
fc41b8a5-2bf2-4d93-bc7e-88546b6dd4f6,39,Female,Married,74785.87
0fa82110-7aea-42a9-801c-5d414bf705c5,32,Female,Married,93616.06
ad7e503b-f5e7-4351-b097-3e57b7e6201c,44,Female,Married,36775.4
23260b52-96f8-40e1-a343-030b3094edc8,46,Female,Widowed,100515.3
ae2e5657-05e9-4a7d-9a86-a368e7076e5a,64,Male,Single,82044.21
499679d9-d582-480e-abea-e522e63c839c,49,Male,Divorced,101054.72
9bd65601-eaab-4ede-b626-3ff308277480,30,Female,Married,111814.19
888058e0-9931-454f-85fe-98548cefb906,47,Male,Divorced,76545.77
b2c07869-0a52-4b04-9d3d-177c99e72476,30,Male,Widowed,49661.48
e92f40e3-c522-4f43-977e-ad2a1a4c01b5,42,Female,Single,60870.2
1dd1e3a8-24e5-4a52-bba7-6e42212fe949,42,Female,Widowed,71817.4
6b95fde8-286f-400f-b658-bdb791391faf,26,Male,Widowed,99179.41
1c7688de-37b7-4381-b4d8-ac37a6640edf,63,Male,Divorced,121696.41
ecc96af5-8ae8-4c51-ba4d-328072592c9d,25,Male,Married,74073.92
b73dc89a-85c5-451a-b603-616e9ccfaf96,65,Female,Single,145014.51
6e96600d-cc0d-404b-9dc1-04e135652acf,65,Male,Widowed,130971.06
4dfb09d1-16d2-4034-b181-519d7efa1820,43,Male,Married,36341.72
c83d40f7-e7e1-4f68-8efa-5d9433174c71,36,Male,Married,81843.52
9b3e7ff4-e6d0-4679-812f-996d39c9ce42,36,Male,Divorced,148662.02
a97492ac-7af0-4e34-a94f-36d93c80261e,32,Female,Married,100733.96
19887297-fead-435d-b228-59a91d1d3406,25,Male,Divorced,53292.38
6a8d32fd-1223-4ffc-bbe4-03a38415393a,31,Female,Single,38064.48
67e98e2a-d66c-450c-b339-bc8bc1a7c82f,36,Female,Widowed,33534.5
3feaec53-eeda-4f86-b7c0-8d015a1f4e3d,63,Male,Widowed,116577.85
1eba94e8-b95f-40ab-987c-4871b217636e,40,Female,Married,117551.12
3e0951ea-1aa1-40eb-8de0-2014b7f54342,49,Male,Single,78033.73
121efd09-2413-4dc1-acdf-5b5fa78ea6e0,27,Male,Single,48412.72
f3138a29-6ec7-4783-95dc-e3a86850d9b2,45,Male,Single,87698.33
2dc94ca3-49c8-42b8-b7d6-77e26173a3d9,36,Male,Divorced,90859.07
3e56969f-a191-402d-95ee-a48f669d5547,31,Female,Single,73583.12
780cfcbc-bef6-44bb-b893-5cdbf8dac8b4,31,Female,Divorced,55118.13
c83563e8-f855-4c05-89b9-62ebe0a0c285,48,Female,Widowed,129593.1
57c8b7aa-22cb-4aca-a44d-6cf270e84ff4,44,Male,Divorced,33394.77
a790ead9-6464-4c2c-a4e4-ac3dc638106a,29,Female,Single,147029.36
5a010c08-346b-409c-89d5-b5eef0fa14ec,47,Male,Divorced,108553.64
9c19c55d-4480-4d11-ba03-2644938a2244,27,Male,Divorced,43861.89
78d89339-2c09-4346-8411-b63b1a5b4df5,59,Male,Divorced,47894.25
228bcd71-4268-47c3-b485-3cbf571cdea8,45,Male,Widowed,47968.28
7591c0e9-c0aa-484e-b530-51641b68072f,32,Male,Single,116873.49
f8a12802-b457-429d-ae9b-ae7c80841a49,41,Female,Widowed,117448.66
78497ab1-e92b-43f2-b226-cd87c231c62a,62,Female,Widowed,61758.1
0dabbb8e-c9f7-4000-b101-5e35cc9bffd1,55,Male,Married,103313.73
1ba9abc0-2615-425b-bcbc-034386fcbf57,57,Female,Single,54480.67
b3c4c80d-a5db-437d-929e-02a6f81d7196,30,Female,Married,87999.65
988d23de-730c-4372-9b43-781d5b5a6db5,51,Female,Married,139265.01
55545638-e307-4dcb-827e-26d98132497a,37,Female,Divorced,54495.26
71724792-e455-4c24-995b-1086173df8ac,35,Male,Divorced,48666.37
e547ea4c-ea80-4ba7-9841-b12b59beed5b,64,Female,Single,37988.27
2c9454d9-aa0e-46ff-91bf-42d21efea096,44,Male,Divorced,99337.42
d86ecfd5-6cd3-4dcd-aa0e-7402a2e2e2fc,52,Male,Married,63043.91
2b827908-aa33-455c-9d87-55b5e819dbf8,54,Female,Single,49168.61
04b5a9b4-fdfb-470c-b89c-02713b5f2462,34,Female,Divorced,85823.15
0baf2b9c-71b8-415c-aa54-9edf1f214759,51,Male,Married,141902.59
c8df2897-1d48-4d0e-8273-6eceb0ca6e06,27,Female,Married,67628.78
48798617-b382-43da-91f2-1efbebf2e657,57,Male,Single,136169.61
69ec4071-dfe7-4ec4-9a9a-b0973ecc24fa,36,Male,Widowed,128532.06
6e592a12-86c6-4e14-9676-14393ec386da,29,Female,Married,49122.93
22cc72bd-d525-45b8-8dff-5e920df8e0c9,35,Female,Widowed,76254.34
89801e2c-98d0-4a49-8ecd-a262a86eb270,29,Male,Married,107997.33
a0fc18b1-7051-425e-a5e0-e8c0302dce09,47,Female,Married,54229.39
6d4b759b-f988-4f84-8034-a26cba71c4a9,63,Female,Married,82513.79
b01db595-564d-4093-a813-0510bea8a0ca,44,Female,Widowed,111196.47
9ae7bc9f-cf32-4e9a-b3fe-2bd280d135a7,46,Female,Single,136768.06
a23de32e-cfe7-474f-a077-2ddedf4edc93,54,Female,Divorced,67441.6
51539b60-63e3-4edb-94dc-5dc2d82a6a89,56,Female,Single,30969.33
b11d2356-1045-4ee0-8020-612228669853,29,Male,Widowed,139339.83
8006bd3a-8d7a-4e03-8e73-9da212067ab0,47,Female,Divorced,142737.76
ab6b28c6-5b87-4de1-9efc-c919b5980ddb,31,Male,Divorced,99159.24
22189d70-d7ba-48bc-a715-5acf5dd0e7c4,30,Male,Divorced,52799.98
38b63e6b-af89-4e0a-a04a-f1fed8d78e99,54,Female,Single,102673.84
f463d456-f3ba-4936-b86f-8bdda6f202a0,40,Male,Single,105307.3
3836f877-794f-4c9a-9bce-4a3457c61d16,63,Male,Married,140184.89
cebd5a33-dd24-4b7f-9bc7-a276f8a146a1,29,Male,Married,105510.61
825cc522-ac82-435a-81c7-036a978dfd09,36,Female,Widowed,87343.94
c32ff101-a50b-4361-892d-8fed10d822a7,31,Female,Single,30579.56
d3c25077-b61c-4a1e-b122-b78d2cb983de,55,Female,Widowed,79256.82
06e5f9ba-92d9-479b-932f-47aa74414641,30,Male,Married,82341.88
7760dff3-8e05-4fb7-b850-116c0c470587,50,Female,Married,131862.4
fd27d783-afbf-4547-873e-c9f6a7b04318,46,Female,Widowed,147730.63
fd4c7f53-39f7-4ddc-a244-971a3775da91,48,Female,Widowed,65664.96
bf99a2b0-39bc-4c9f-b69a-87264351cc4c,29,Female,Divorced,87137.16
f05372bb-efa6-453c-90d3-cf3d9aafae0b,42,Female,Widowed,49900.63
cfab3f54-7b23-401f-a4d4-878f46c563d0,31,Male,Divorced,89232.33
7d8fcfc2-dd94-44f4-97b7-a9d043dc5010,44,Male,Divorced,97495.12
887a2678-f73b-4d5e-bd65-b0b173ab9a82,36,Female,Divorced,73513.38
f0a9cbc0-3d48-4fa7-83f6-028e77d530d2,64,Male,Married,52352.87
d6c94b43-63cb-4128-a359-f88d62b07be1,40,Male,Married,34946.92
55805c97-2118-45af-a1c0-ecaa1e082500,39,Female,Divorced,39362.65
a6a77259-cba3-4e6e-80ba-ad1736531f54,26,Female,Married,94244.96
7f4d9023-d0ec-4cec-a2a7-dabaf9737a2e,45,Female,Single,60932.57
80175287-b1bf-445e-b94e-bd79f7346d68,58,Female,Divorced,69487.02
9469d0a6-0305-4a9b-b671-4c1d5f064866,37,Male,Married,82663.5
f35c1014-3b74-4ecc-b47a-b68750054eda,61,Male,Divorced,107109.52
cd134a99-4c22-4d1a-bfe7-2d07e3fa15ff,38,Male,Married,78441.47
aba0f86e-a778-447e-8d1a-e6157a3fe251,40,Male,Married,106540.89
42652ace-da6d-4260-ac48-638975771631,58,Male,Married,138831.32
daf29e6d-5b1b-41e6-ad14-c8b6bf8000ce,52,Male,Married,116738.64
3c9c2299-4057-4fc0-a6a3-cb0cca33b5e5,47,Female,Single,111695.7
faf2ff48-f9a0-4c3e-a2c9-b0246e61b0d9,54,Male,Divorced,72986.9
e9e57ee8-095f-48f6-9303-fcd77d5c87e8,62,Female,Divorced,74065.05
1b72e3b9-91f0-428f-ad2c-68e8251c378e,54,Female,Married,132916.75
4b930133-7158-4aa6-886a-d33fc34bee6b,64,Male,Widowed,60231.39
04e3654d-6c36-4a85-b9a1-68ee58e2efe6,36,Male,Widowed,63795.01
cb5cdc43-016a-4d0c-917d-ac0e42bce342,43,Female,Divorced,97141.44
98d42de9-3b12-4ea7-8eee-4a639c1ba173,33,Female,Divorced,101200.31
21c35f96-4203-4e12-a868-94cd23691e08,35,Male,Widowed,102432.33
d17376ff-47ee-4be0-bf87-1b80d2e3f9e3,41,Male,Married,51826.83
feed73cd-bc3b-4418-a476-1adc2114d4dd,52,Male,Widowed,30110.99
2917bebf-356c-4a3a-848a-fa4cc57cea53,55,Female,Married,145403.42
a5639a02-ec97-4fa1-b7dc-2b40a7319e8f,31,Female,Married,136450.27
7ed6e61c-47a3-4569-994d-aa55c17a53f7,30,Female,Single,136058.54
b1c2e24c-1035-457a-8f5a-c32bc5a5eb2c,65,Male,Single,36756.85
9f661b27-a715-408c-a837-190785112573,50,Female,Married,36298.87
067c5e52-32da-4aa7-a43c-606a2eb73a2b,40,Male,Married,41237.38
4e72e0ce-0ee4-44da-abd1-9982c5a97dac,52,Female,Single,105177.29
6116c8c7-9ddf-4a3a-aa0c-74c3c0fac98b,65,Male,Married,38755.99
43a49752-c933-48f3-b762-a427fca6a557,52,Female,Widowed,112616.87
aa899922-faf3-45b6-b919-a248433b3dc1,27,Female,Widowed,107966.37
b294f365-6ebb-4ab8-ab93-241051159ffe,34,Male,Divorced,77561.16
ebcba05a-59d1-405e-8744-208c07a9497f,32,Male,Single,49871.98
ffe63c7e-3517-445f-b112-e26f0a638719,49,Male,Married,69177.08
ee5add42-e2e3-408d-8fe3-7728fd41de2e,52,Male,Widowed,141761.53
321f5c01-8a28-4fad-80bf-cfb1eed1acbe,49,Male,Single,36391.77
26370d16-7f3a-4f80-8e01-e7e1a28d21b0,26,Male,Single,74234.25
46522301-9cac-4b9d-9e01-80b93b4cfa22,41,Female,Widowed,96319.4
ba920709-8297-4314-9e74-23cae46213c1,26,Male,Divorced,72589.76
1b4eec9a-3544-43d4-9d16-d80540a22a46,38,Male,Married,67438.64
6d2ce908-a963-46e2-bbd1-53921871f4ad,45,Female,Widowed,68977.19
29618b23-2b82-4e16-821d-da96ccb8474d,47,Male,Married,110786.54
25cf4d95-2aa8-4463-abd3-b1362fd81168,51,Male,Widowed,53593.45
2f4e604f-5664-4d67-a70e-d9140899f19e,54,Female,Married,118950.7
042e4f08-7194-4327-b657-47dd922613b8,31,Male,Divorced,80116.92
f58decd6-5c2d-44ae-88ee-e3e40f2ba342,38,Male,Divorced,75847.69
b61663d3-2738-441b-a7af-2420e2bb2d64,53,Male,Married,50173.54
6564fdaf-2791-4c8b-8a47-6eb0a3d37cb0,48,Male,Divorced,85855.72
a0ef2b3c-a062-40d3-9145-698e440caeb4,26,Female,Divorced,66303.88
75ae4376-766f-40d3-8d5c-3876a312849f,25,Male,Single,110943.4
cc0a91e1-cbbe-4dcc-981d-a49bc8d1a29d,28,Male,Married,76657.41
97161a98-3288-4b42-a5db-57426decf5ee,31,Male,Single,51109.89
d30a7c02-9232-47c4-8a8c-5e8347aa6227,38,Female,Divorced,106291.23
ca041d38-0e27-4c1d-850e-d2073f94638e,30,Male,Single,97042.79
cf3ba3a9-7273-497d-95fa-7a417491482e,32,Male,Divorced,85570.27
4723e3c6-cc93-4bad-af3d-2b1ed939121c,36,Female,Married,56941.56
2bc373b5-54f3-4974-b8ff-f78a5f99a254,39,Female,Married,94218.35
bc99620a-e80f-4d46-9000-b77f56f53116,46,Female,Divorced,45355.55
aeee06fa-b9f3-40f6-b879-878a58494efa,45,Female,Widowed,146494.68
893f71ac-cc8b-4780-84df-9df5cd0515d2,28,Male,Married,64714.36
fb6551d3-a466-41ab-b923-e7dd2ff24f4a,36,Male,Married,36711.93
1c4bb644-b333-4719-8a64-073f17ec8859,43,Female,Widowed,62281.72
67ea9c7a-11f3-4330-beb2-36d292d9aa47,64,Female,Divorced,69839.81
6988df66-9803-43c2-a661-a6f3b69a8800,25,Female,Widowed,40180.0
0af90c5e-ee2a-4637-925a-878ffb946a20,64,Female,Widowed,109156.66
9550ce77-d224-470a-bd33-c7dc3ff2b826,44,Female,Widowed,106891.7
54b53d75-845d-4b41-b9db-811c6a1f8c8e,53,Female,Married,42008.28
d796e3b9-3114-4774-bee6-8077f7a3be80,62,Male,Widowed,84917.38
d3b5606d-f89a-4246-9956-2a63bb50a316,27,Female,Widowed,111002.82
3ae19fcb-5a9c-4dcd-bfbd-4b3eb4ff262f,30,Female,Married,113812.46
2546cbc0-e50d-4845-a625-f185f2c29744,32,Male,Divorced,107992.04
12f6018a-bd04-444b-9cec-b5358381e535,35,Male,Single,51672.13
75c312aa-4672-429e-aabe-693b34d40436,40,Female,Widowed,31834.06
33126b94-3510-41be-9384-5fc1b726b640,56,Female,Divorced,79636.02
a61ec9ff-1910-4138-915c-5bb9789a2841,27,Female,Divorced,136087.13
7304f68a-707f-4895-b79b-27fcfe9f18a7,25,Male,Divorced,65249.03
5279032d-4b88-4da0-a8a0-044891fed98a,26,Female,Single,37793.28
9d8eab80-745a-4f2d-90c7-208b22446d03,36,Male,Single,48647.42
4a57e465-7c29-4667-a1d4-72e974bd5ee9,38,Male,Married,71668.31
0389bc7c-f128-4160-b24a-8ac5fe2fe012,57,Female,Married,57533.25
5a6f4f95-6948-4226-a1f5-41a72602e5d3,29,Male,Single,47275.08
fa33fd87-0458-4184-89e9-7165ab8bef9b,29,Male,Single,56780.44
99e787a9-6dd8-4e94-a8ff-679554563a39,62,Female,Divorced,57319.63
6637cfe1-2962-4f36-a31e-1b29af8c4865,64,Female,Single,84836.59
d41de79a-066e-44fd-97c1-a37d5725ed1c,56,Female,Widowed,39345.27
951890e5-52dd-44ac-a1ed-ad213830ff76,30,Female,Married,59111.61
e2a75a00-9daf-4d17-8780-a119c68744b7,57,Female,Single,123743.49
18bf6f8b-13d7-420c-b419-feaa4b1a391e,43,Female,Divorced,53203.23
cfe60d4e-8e35-4bd3-8e3e-486b7b6a3905,60,Male,Single,88414.39
3e8d623b-9e12-4b5e-b4ea-bd19ea85a9d4,65,Female,Single,59636.91
d8bf1c5d-135b-41bf-b56b-b3b46b8d15fb,47,Male,Widowed,87700.94
bb5b6a94-65f6-40e3-942a-9701b70d13b2,59,Female,Divorced,47666.38
2c298970-8684-45c7-91eb-2236fbf384a0,41,Female,Widowed,82379.2
8a5f7555-c4a4-4609-ac5f-fabfddf9f49f,65,Female,Married,78343.68
764a7334-cb02-418f-8c17-765e9c18fdba,37,Male,Divorced,57840.7
581eaa19-5ba8-4eeb-9afe-59504f77760a,30,Male,Divorced,49474.42
71310e64-4734-49a5-ae43-1f8130c8c893,65,Female,Divorced,133949.63
3de456a5-a0b2-43e0-bb78-9d8ee816c37c,39,Male,Single,109575.14
d7c27727-7bf4-42aa-9f48-fe6441908c1a,35,Male,Single,47956.39
284a73f1-8539-4619-843f-5853d7d93b6b,43,Female,Married,146213.68
d2eb70e5-848e-44ea-aab4-885ebaa0c608,48,Male,Married,126900.75
b73cb706-16dc-428a-bbbc-0442189dcdfd,65,Female,Married,85037.62
041b33df-0f4a-4263-96cc-c054b8d61307,63,Female,Divorced,145074.75
30613f21-bb78-4222-bebf-55410d3cd972,48,Female,Single,130339.79
09e1935d-e563-42b4-b0aa-c4b1f81e601b,25,Female,Widowed,118889.89
8c53fb70-cfb8-438b-9058-a61c015be09a,26,Female,Widowed,87646.12
a43d7987-9117-45df-93f8-810d22d3e4f3,49,Female,Single,33324.96
18f3731c-8023-40a8-ba3b-68c6e431d07b,40,Female,Single,92027.48
a7a88dc2-c0eb-4eae-a681-4f123359eea3,26,Female,Single,143297.03
8b881af8-7117-4d6a-8aa8-bd63d9588432,29,Male,Single,131465.25
aec75882-810b-4ba3-be8d-042584b95ddf,32,Male,Married,124395.1
dd78f1a0-c434-487d-955e-39cd53d14f16,64,Male,Married,87133.57
65307bf0-25aa-44ca-8abe-2a9a2c59bc70,60,Male,Married,36554.49
d1d4cc83-b7db-4525-84ce-e7cd5c7c4911,37,Male,Widowed,45492.08
9a0b2c09-ee8f-4672-b6da-3208a86118fb,60,Female,Divorced,112710.6
99b4369c-95aa-47ce-ad94-12e961545d56,65,Female,Single,31169.84
3b69a5d3-70b5-480b-99b9-f0803a10a91a,63,Male,Widowed,75172.0
d3841b8c-2f94-47a8-bf83-dba89dddfc57,34,Male,Widowed,139494.97
1b286c47-0eee-4756-9116-94a5e11cfd31,60,Male,Divorced,65022.58
d82bc76e-5a26-4022-8259-961a4114e628,55,Male,Widowed,81400.61
d4e2ef5f-d9d5-4e6a-a937-07d2b3be1127,30,Male,Divorced,56981.58
9fa31f41-9603-479b-a497-567ff728ffca,51,Male,Single,55024.0
cca7462e-8615-4402-b47d-2315dfd30304,35,Male,Widowed,140067.49
adc411be-aabe-4718-a5e0-6fca121b9783,56,Female,Widowed,37747.28
0537b1d1-a32e-47f8-b595-75578aa1700b,36,Male,Widowed,104380.69
a1960c96-e062-46e6-b3bc-ec254ae6223b,29,Female,Single,68749.82
a467e07e-9f36-45f4-9ed3-9dcf37f215e7,64,Male,Divorced,108645.15
b423fd19-164a-47bf-8e4d-2597dcd8a617,25,Male,Widowed,144618.06
3cdaaa1c-d1c0-4395-ae8f-d0da9606e612,51,Male,Single,127374.46
01ebf0c0-6a25-49ea-a601-ad3f54cd0c01,50,Male,Married,104228.47
03d06228-045f-45f9-9884-209358e00ed8,31,Female,Widowed,42326.99
dfd13744-093a-436e-96fd-8ffe6cad7fc6,49,Male,Divorced,130443.62
174c6b02-beff-492f-9a07-6452118ccb90,55,Female,Widowed,35484.39
9636bcdd-8dc4-45b4-b866-41aa6b2f395a,27,Male,Widowed,142114.61
a57e1b66-47e9-452d-8d64-6ded224385fe,57,Female,Single,36358.67
2c86ae33-eca4-4388-a9e1-ffd1c74e8666,30,Female,Divorced,79228.2
6e6f135f-2f53-4758-be9c-2fc36aca42d5,45,Female,Single,49808.89
af998765-583d-4d68-85e1-10650409e7c4,48,Female,Widowed,84884.55
b70beff3-a807-4e20-ac4e-60aaa7a08f56,30,Female,Widowed,146251.13
2ea08460-b273-4f8b-b75e-bbe68ee4603b,26,Male,Divorced,61369.09
5f61c38c-92d1-46b3-9490-fe4736361b59,59,Female,Widowed,141121.15
161a689a-14ec-4fa0-bcd0-aa46c587ff89,53,Male,Married,53497.36
bbb68a65-fd3c-485a-b721-4acc9f31977f,60,Male,Single,109731.56
21a58a5f-7b07-477a-8b8e-36adf2cac7f8,29,Male,Widowed,92229.16
0905b77c-aecf-4b44-a631-5d63af5b1965,38,Male,Single,110716.39
864e7674-1bed-4536-9d39-1405b75866f6,30,Male,Divorced,76311.54
772cfafe-5dce-4e3b-9c7b-ada1bc3470f7,30,Male,Married,103254.68
d549d612-0c35-4301-b0d5-65ff3b0d9d7e,41,Female,Divorced,62021.11
179ac137-7967-4b89-91a8-092dffa71994,48,Male,Divorced,132866.59
db757d2d-3bbf-484e-8d0e-bd1ea8af2d48,57,Female,Widowed,87155.54
12d133dc-dc49-43cd-930e-a77644a4e3e7,59,Male,Single,148751.84
9b5f0caf-9e3a-4315-a82f-4ed0225fa021,47,Male,Divorced,84707.48
60d9c0f2-98af-471e-a13f-dd3086deea38,59,Female,Single,101800.86
9c6b4bf0-51e9-4617-9159-67014afabfa2,41,Female,Married,111777.79
9eb4f25b-f1ef-4921-bbdb-c2ffe9d48641,58,Male,Widowed,63612.65
fea99069-f0e4-4c31-8a8e-7a24575c65f6,49,Female,Single,87731.85
717e0475-45be-4a76-be47-d758dfb52015,29,Male,Married,121750.75
7315121a-5b3e-4e6c-b1ba-20080ed642c1,65,Male,Divorced,111450.19
551a0d82-5ef2-4ebe-9291-8a7764f8ccd8,42,Male,Widowed,100766.9
152ded33-c9cd-4f60-89ae-bc1ebaf5838b,51,Male,Divorced,102883.91
2eb78ce2-52b9-42f0-98aa-c896ddc44da2,37,Male,Divorced,95791.59
524d647d-fa55-4f54-bca3-c17b572c1979,27,Female,Divorced,37126.17
f3f42f89-1283-4079-b740-101527d8294b,32,Female,Widowed,79774.06
c4e25aff-fe84-4271-bebc-1bb88f8dcdba,45,Male,Married,146869.87
72041c7c-5ccd-4efc-821c-e802efaf77e6,36,Female,Divorced,122387.62
80bd721b-582b-40f1-bfa4-73ff06fe86de,64,Male,Divorced,148636.17
5df02a19-a7d6-4cdc-9e83-214ebe14e384,53,Male,Widowed,148039.7
92b34b72-520f-4c5f-adab-bc87fc541b8c,52,Male,Divorced,114487.31
bbe3fab4-7fa2-4ae9-9009-c50c1ee6ad04,52,Female,Divorced,71956.23
d6d020ab-9845-44be-ae52-d15e91e2fd4a,37,Male,Widowed,125295.08
38a3b568-948c-4e20-85f3-e31234c62b04,63,Male,Single,114491.9
128989f4-39f6-4500-b366-0c28128129e7,63,Female,Divorced,134550.47
6a0f1c9b-a61e-4a74-a675-1a871e4f57e4,53,Male,Single,108718.67
96d3fbb4-55a3-4d4d-a47e-a42d993ac5d2,62,Male,Divorced,121501.39
f54d5249-a893-4b59-8837-f6cea9a6d23c,29,Female,Married,30261.35
38b2b4dd-bac6-4ac0-89ef-5501aa8fa00d,35,Male,Widowed,114439.55
e4eef79d-cfd7-49aa-93d7-f10f6eec347d,29,Female,Widowed,149215.22
7694df53-d059-4c75-b62b-e4d6828baa6b,28,Female,Single,31263.54
3eac7846-25ca-4d02-aa3e-f69eed241b7b,27,Female,Widowed,70315.77
33269daf-a8b3-42a9-aeb6-39377c4a9d45,51,Male,Divorced,131031.16
ab58b7a4-6dd8-41cf-ac80-939a899e5a3b,28,Female,Divorced,55360.89
20f247f9-ce4c-4be2-a094-e2d63c52d0c1,29,Female,Single,100795.52
ebe38d89-58f2-46ef-81b9-3bddb701fe3a,42,Male,Divorced,135332.55
62e81c26-3aaa-4271-996f-d14005298bc3,49,Female,Single,127740.36
cf740520-0828-4720-8a7b-19c5d42f9bde,47,Female,Married,116218.68
07e3b455-1f91-423f-a630-ff0c621290b4,36,Male,Married,116253.27
cb10ef49-f431-400d-9d4f-1c747493a83b,57,Male,Married,130812.91
f25dd52e-428f-402e-ac3f-a98e0d161286,37,Female,Married,103171.26
b16d4d3a-91f8-4e84-b323-7948189679c6,30,Male,Widowed,130207.63
f437dae4-a8ef-4295-af44-7ead9cfd1975,52,Male,Single,90840.15
7f7bcc81-8061-41cd-9e70-9fd9d93f49e6,38,Female,Married,108887.37
ec84c742-3367-46fa-a0be-aadf138297e2,37,Male,Divorced,141544.6
470ab833-56f7-4267-973e-23358b77166f,64,Female,Married,36745.26
4d47a4e2-0a6c-4140-81a9-434d1079fe3d,42,Female,Divorced,90676.41
ecce995e-b8b1-463c-8ed4-7d9db5b8acc8,64,Female,Widowed,145690.13
8a05784c-ad08-446c-b0d2-5692e0930fa5,41,Male,Married,142754.9
bd2e77c0-04f6-4979-9879-4f3cbcfb1e9d,53,Male,Single,128326.34
12ff06b4-a6e4-46cc-87e5-1a251a9934f4,35,Female,Divorced,104458.66
bfdb8a52-ae83-4fb5-9dff-aba6fd7eeb5c,61,Female,Widowed,134297.07
7c6f5db9-f730-491a-8fab-a8fb33d47fcd,43,Male,Widowed,56226.59
f823f30c-140a-4f8c-8650-992de3951f93,62,Male,Widowed,30408.87
a18e0ce5-1039-4037-800c-82433db6ab8f,65,Female,Married,68943.27
169fb934-7163-4cd7-a104-3e9ea431f077,41,Female,Married,106175.97
a1521d6f-cfe5-42d7-84ac-531ecbae2617,64,Male,Divorced,92682.69
