CustomerID,TotalSavings,DepositFrequency,YearsSaving
9b62f295-97e4-4191-9ee3-1dee5a82e526,132004.6,Quarterly,37
23ca1ca3-a6d3-4300-8883-b70e7d49af1a,141964.18,Quarterly,27
854faddb-3a72-4d9e-9f9f-9a113ff6f107,30659.99,Monthly,30
56cbc28d-d52b-4f3a-bf4c-c2ad40b0bd39,195724.81,Quarterly,15
867bcefa-6e90-4107-95f8-aae8a6be684b,196566.46,Monthly,16
a6129553-7bbd-416e-ae8d-371a020f5d47,160799.51,Monthly,24
9e00f260-1ad6-41fc-a439-2261330451ed,137059.56,Monthly,18
ab8b9262-2220-41a4-a5b1-3b85ee5f055e,34353.79,Quarterly,36
f371f4d5-4366-4586-bc03-09640fe197ec,41968.66,Monthly,14
3c60a41c-c105-49a7-88c5-798988a6dc26,80066.15,Quarterly,38
37b9818b-6dda-4806-8d1a-5d94ffd9bfc2,180738.73,Annually,24
4c5d6e3e-a784-45cc-b102-b1188029f7c3,166244.2,Quarterly,13
095c90cf-9ec5-4ed1-bbdf-b636c2dcbc7a,23960.69,Monthly,6
7bc9423b-9d87-4448-bcb6-4301141db38c,141386.18,Annually,38
e4efc687-e1fe-406b-9a93-c297295d8254,50789.68,Quarterly,7
b00fcece-a9e5-4ae1-bfcf-a77bae016b3a,111163.6,Monthly,17
245fe0c0-e63d-4eeb-9612-8781382a17de,52071.33,Annually,7
b8633aff-75fc-4885-9c4a-c356282dbda5,139379.17,Monthly,32
74d62572-b74d-4879-a39b-29fa994724fa,12422.26,Quarterly,40
8a54766b-da05-4986-8e90-cfec2a0343fe,173661.6,Quarterly,23
1e0a24f6-a7ad-4239-86ae-ccb5b277c2f1,125869.23,Annually,36
bc893a1d-b2a1-410c-9e2b-4f3a503f2125,117174.05,Annually,33
ce896cce-ad46-4d44-90ed-8ece9bacf1a0,32787.07,Quarterly,27
b1f17e03-cf7d-45e0-95e6-aa78fa3018dd,98856.53,Annually,12
7839a54a-1b26-4ea1-99f2-6c385d7e4b24,86392.82,Quarterly,11
d0af7e1e-09f9-435e-965e-4702942a408d,95650.63,Monthly,35
7857db4a-9932-4e89-abd2-c81f541aa6e5,120413.1,Quarterly,28
112ddeaa-ca2b-4f72-bd63-ba6efdff2b70,43281.61,Monthly,17
d204a166-04b6-46c2-946e-f7b6d935c60d,47973.09,Monthly,34
2ac98f5e-3df0-4c60-9fa6-8a14c40b5e79,111691.44,Quarterly,20
6401db77-f62c-4fcf-9632-83438b133270,102322.51,Annually,21
e13d8b09-3821-4b7c-8780-4d0ad1161fd4,153615.63,Annually,22
037133a3-67da-43d2-9ccc-77c1c6a997e1,61726.06,Annually,31
aa3a4b6d-b1eb-4f30-b6be-ed9cd795e9a8,49128.91,Quarterly,17
9812adf6-9394-4b04-aa1d-387e009f6d43,127726.65,Monthly,13
3f9f7ea4-f049-4332-8b1e-dde4eee928d6,163892.55,Monthly,18
06be8798-d560-41eb-a402-2f05400c5a7a,79552.53,Quarterly,14
9c4c3aa9-d04d-4202-ac03-a8c04adcede7,131589.22,Annually,10
5e57ab74-bd31-4b21-a4b3-50d55595d09b,151466.22,Monthly,29
aeb83222-e1b4-460e-a4e4-b824a8c8cdc0,64665.81,Annually,34
9f7e41d9-239f-4516-bb1f-744899bcabf1,42403.0,Monthly,30
a6c10ad4-bcab-4e85-8585-1fecb49faba3,22953.65,Annually,37
71a9513b-2764-4ec2-959d-72ef66fa299b,132666.83,Monthly,17
3f0bfd16-0a58-4b48-b201-5b1e29a8aee8,20995.8,Annually,34
4664f731-11fd-48c1-bd64-ddd468f412a9,86388.92,Monthly,38
e458a240-167c-4ee4-9474-971229593fca,17595.35,Quarterly,23
9aa5613e-9469-4534-8b69-a155f6641649,134345.71,Monthly,28
95286135-abf2-4f14-8c3b-8fdc5f8cd6ef,85313.87,Quarterly,7
ca2cae92-c5a5-4764-9959-10e354909ed3,150397.14,Annually,38
4048ec3d-9eca-43e5-8c16-c0a9ab097d12,109567.19,Monthly,6
ed820f48-bdb1-4944-a6c4-0e4cf75be20c,177176.71,Annually,4
9c5b257e-8d34-4691-8de5-c100ba7c1e27,162115.87,Quarterly,31
92a82da6-086d-48ff-b107-213386236b16,155469.39,Annually,6
92339758-df1b-45b7-863b-9d8f8944c14c,186581.9,Quarterly,21
7c4eb364-ca98-46c0-ad8a-98b2f900c32f,99033.38,Annually,20
846c9abc-95fe-48d4-845c-80a81ffe6684,97682.15,Annually,27
4e37b679-502e-45db-8135-372cbaec284b,31889.82,Quarterly,31
fb9debc9-5276-4b3e-a904-c1655730dfde,41073.31,Monthly,38
64d1e8bd-d02d-4841-acf8-09e5afd9894c,45102.6,Quarterly,10
fefeb6b9-4237-4e0a-aed8-b9cce3f6227c,19135.05,Quarterly,26
947d288f-e454-4542-85f0-582eacc1680c,90309.36,Quarterly,7
2c19dd48-0f6d-4193-90b3-f6a135545738,29890.24,Monthly,14
c85f8e98-68c9-43f5-a174-0d71d4c85db4,138149.91,Monthly,15
7f5773fa-22f5-44c9-9e40-670b5f1cc3b1,195165.8,Monthly,5
05aa4f86-0e85-4f0b-b078-a9977d590ed3,81186.86,Annually,31
bf9eb532-5dcc-47d0-b4dd-286637bb034f,34707.87,Monthly,15
f9fbcaca-96c9-4a90-a86e-6539a8f27f8b,97081.1,Annually,5
ca872635-c90b-4822-a5a9-1a568f103ad6,148873.14,Quarterly,34
4a06a9a7-bf2a-4f55-8747-50774d9fec02,115863.41,Quarterly,20
6858b480-c9b0-4f41-8f01-d324d82a4ad4,119291.73,Annually,1
00d53904-97f4-4be9-9628-2b8d4c3b06d9,113829.77,Monthly,32
9b78ce57-4e85-4ed6-863e-0fa0b7d6afa4,70149.82,Annually,35
66a961ac-e1d9-4f8e-a8be-bb0c5c202ba9,8124.57,Quarterly,29
c23aa68b-35ca-4576-81c9-a55361022aec,129769.49,Annually,37
3e3cd060-dfe2-4790-92c7-24d410509fbc,50674.53,Quarterly,19
769fc1a0-2754-47cc-8838-9e9d69336d62,149130.22,Annually,15
d6422716-15a1-482b-ae90-0f43ee22e36c,114064.74,Quarterly,37
3b5e31ea-5760-4bd1-a307-968542a24b7a,29506.84,Annually,33
21d01134-214f-464f-a00b-11ee48f8ddec,62939.36,Quarterly,12
3a08b56a-7029-4a98-83be-a511a51deb8e,131818.24,Monthly,38
244f69fa-844c-4000-954e-6aea40b19abc,78306.82,Monthly,25
bfb46217-3117-4276-bb0b-ed3cee212e9c,13448.35,Monthly,26
6c148004-fd1a-458a-9ae9-6b3668da4017,196090.47,Monthly,27
e1a83d55-5018-4dac-880a-e320860234df,7303.23,Quarterly,16
e9012562-1d20-4cdb-ad56-4aff888d4f5b,139642.94,Monthly,26
066cc391-e1f1-4899-b69e-1a5048a11af2,83408.18,Quarterly,17
38989bdb-c74e-47c5-8c51-3c0165ac41f7,39480.7,Annually,13
05dbafce-4706-4843-a921-37ef1d4cfd8b,34616.18,Annually,31
3a965362-1d11-4f7c-b67c-a8852344451a,21582.14,Annually,13
c8a7c943-fc03-4e41-a818-537461fdc0e1,124519.49,Quarterly,32
5f776f0c-9e96-422d-8a81-6bfd1fd46195,55303.93,Annually,8
0b0fa257-eaf2-468f-b4a9-7187410cd52c,191525.66,Monthly,8
005f3301-d9da-4b54-91e6-06a97b95a015,25026.12,Annually,20
8e148b4e-bae0-447f-b5d5-c331540b4b96,158081.24,Annually,33
270910aa-7c80-46ad-8efc-582550e87c1e,88825.76,Annually,21
cb1395cc-a527-4a9c-b034-a29c3a2f74d7,80316.25,Annually,13
ab8f896c-184e-472e-99ed-63fadb6ed69a,170431.43,Annually,27
9eb76515-8204-4e65-a5d6-d73536a129a9,192695.37,Quarterly,26
79d9093a-b557-4f38-a3fa-8d0162ae8f41,112315.59,Quarterly,34
62e0409f-3e4b-4220-aeac-169d3e4a2a5d,80487.02,Monthly,35
c97481b5-a431-4f30-9bf6-c3accc34cd98,43321.19,Annually,4
2258a397-1664-46e4-b76f-f94ae1f43132,94672.95,Annually,24
dd63a205-0f75-4ff5-8e4d-b06a1257004d,120170.18,Monthly,17
0677e770-d479-4783-a340-3d404d23dc81,150095.48,Annually,15
7996de7d-1e02-461d-a6ec-5569efbcc5c6,159696.78,Monthly,24
bfe6ef41-98da-4b11-b7b8-cecf5bbb93e6,182528.19,Monthly,7
a6b84df4-018b-4247-9b0a-33bfd0769995,68495.53,Quarterly,31
1772d2ac-7e5b-4637-978a-4df5953ef7cb,125934.33,Annually,3
5ebf99f8-3ea7-4a9c-8ceb-fc04f6cf878c,164070.68,Quarterly,7
387398cc-f7d6-4832-830e-a26df6326419,82727.04,Monthly,6
879edc5c-a5e9-4e52-9306-8d3258305b74,134470.33,Quarterly,36
1d57a4a7-9360-42b5-b75b-3938aa2a4395,133650.58,Monthly,7
10e95de8-1b44-45af-98a3-378da638f48f,28496.07,Quarterly,9
2a105344-8f4e-4c85-980d-f2fa7919fc94,127791.08,Monthly,21
53f88edf-e535-4a93-a687-01e18ca362d8,52226.96,Quarterly,17
0783ecd2-2014-4936-a751-fa01cd6d9366,37565.98,Annually,35
05ca63fb-0eeb-45ee-ad2d-b2d22d321fd9,122150.43,Quarterly,2
dd3413c4-3fb7-42c0-a2a8-6a0d4c8930b5,5475.45,Quarterly,11
d4a281c6-e0c3-48d5-ace6-031fc590d923,75997.59,Monthly,8
c480189a-ceff-4561-85e9-cab99232aab6,154143.73,Annually,7
ef004fcb-cdd0-4974-9c2e-555deb61cdbb,90815.68,Quarterly,35
8768af71-0993-4c7a-ba75-e077b272c5ca,191727.75,Quarterly,13
ecd54206-6074-4bdf-9535-c05cea01a81e,64188.17,Annually,21
cb500a0b-e10a-4d81-b101-f4d8189e09e1,64820.2,Annually,28
a8a60b18-3af5-4902-8c38-70fba961e3e3,169983.06,Annually,21
b6fd40bc-0f6a-4b1a-8d59-b01dd9da8b03,54544.61,Annually,32
4266afd7-4621-4841-87ad-5e9d3d5cfb5a,96164.39,Quarterly,11
6a21dd05-a0d8-4d5f-aac0-1ed2cf3973ce,12250.0,Annually,30
b6cbfbae-2f1b-4589-9e3d-59f39f383ee6,54342.8,Annually,12
84bc0692-b349-41e6-8e95-43e2cf493bd0,105862.42,Quarterly,1
2548d459-add9-4a99-a9e8-6c3bba52e542,9038.07,Quarterly,3
007ae042-472c-421a-a404-11928076f35f,172551.62,Annually,9
b05492c2-3a74-4375-81bc-87946c77a548,159495.8,Monthly,37
e9e2ae36-5fd3-40a2-8a75-16728719b7a9,54812.48,Monthly,17
3363e6b8-93fe-4c07-a0b8-500eaffff6f0,168865.72,Quarterly,19
90ccc2df-a2bb-4c8b-96a2-eb613604a8af,158752.13,Monthly,7
593de0b1-277d-4a99-a3e2-ae5c2907671c,144651.29,Quarterly,8
c8d04d7f-25d5-4424-9e9e-7973dd524d94,156083.57,Quarterly,19
c80d97ea-5f1d-42e1-ae7c-bd48e83edbdb,22784.44,Annually,26
536be21d-b2d1-41f2-a25b-669a03f458de,167621.22,Monthly,20
64f9adf2-867d-42d3-99ab-32f66125aeda,135451.35,Annually,16
2a95fbac-161b-4caa-b442-e5ac559d828c,50105.82,Annually,19
4dfa5061-aab3-4c8b-b69c-c250d6e67c13,180846.46,Monthly,18
c5ee8969-77aa-4b6a-90c9-06d997625a81,21678.51,Monthly,40
82598afe-5376-4b4c-a5ed-1f2f0aa9ff91,30240.39,Quarterly,40
8ed5f72c-31fd-4cc3-aa35-72bcc6634c1a,131350.23,Quarterly,5
a55da033-cadc-4c66-a919-315ca120f123,34857.83,Monthly,31
2b082fa2-2ee9-44a8-a713-87989ce0b51c,101836.3,Annually,3
96fd6794-eccb-429e-b175-85d0b63db52e,31641.01,Annually,19
4973ec11-6810-4442-89b2-1b579e6b790c,72009.92,Monthly,20
1d13adf7-b860-4f12-bd06-08b4d015ace9,25334.43,Quarterly,29
85161ada-387b-4e3d-a7b3-4f2c2e6b1dd4,71463.95,Annually,5
398b3678-4a3b-4f2c-8ef2-c88225dc88a5,181050.29,Monthly,19
afdbb05c-1b07-431e-84a9-bd10c630bfd1,40147.18,Monthly,25
e22a6b64-7433-4baa-80a8-7522b6df80e3,93273.9,Monthly,29
962f79c5-4ed0-40b5-bcac-904e351744ad,61383.85,Quarterly,26
e631dfd3-beb5-4fa3-85a2-4a88ec326e5b,185126.96,Monthly,20
ce64531f-53b0-4285-845b-f5653327f5f6,157666.26,Quarterly,23
072fcc18-b2ac-43bd-a487-13775492560f,89436.66,Monthly,2
99a36b7b-2c3a-40be-a9cc-ae9d0b92b9db,173057.4,Annually,16
75a2e331-9490-43d1-8996-9969d1108486,140276.23,Annually,38
b89c0bc9-31ac-4d22-a797-5b122c599d36,118608.43,Annually,28
21e982be-cfd2-4d95-8f23-fddae923d996,27854.31,Annually,2
6cb29b7a-6624-4947-b2b6-25694ac473c5,61762.24,Quarterly,27
b884a934-b602-4b82-93e3-9c5748283853,58364.52,Annually,36
089290cd-e0f8-4644-a9e2-0119a2e2e7cb,31255.75,Monthly,36
71f1aab3-c8b6-493a-ad1c-9190b250dda5,78933.1,Monthly,21
cf0adc3f-dc4e-45ce-a408-495b1d507e53,124378.67,Monthly,3
a4e01b8c-d6a0-4008-9517-de86e41c249c,167924.4,Monthly,38
dd649ac8-900e-4fee-a15c-f039ddea2a11,109504.73,Monthly,10
28db1284-b653-4664-af9a-233bb26965e8,117054.26,Monthly,13
15660884-aa6f-4ff8-8466-f3ab0c4d47f3,183219.59,Annually,11
fe1718c8-096b-4626-bb78-df1d12de0958,137998.53,Monthly,23
655a8df0-3f3b-46c0-ab42-856ba51942c4,133742.75,Monthly,17
ca933187-de1a-4c63-8ba5-91feb4983e81,34350.37,Annually,40
b7d77675-ecea-4b0d-8a80-dd92fc6614af,8955.18,Annually,19
352f73d2-c66e-47d5-84b8-6718dd46139e,173214.62,Monthly,40
561c5a0a-494d-4551-b4f3-6369846ff619,103530.26,Monthly,31
3d5faf26-fd68-418b-a57a-f86e3d38bd51,113890.78,Quarterly,12
5923c353-9d71-4840-80a5-57120f192a54,123240.97,Monthly,33
fb1f39c5-f34b-4f03-a44f-5b6b11d2dd6c,60999.99,Quarterly,31
a41e0426-198e-48cd-b60c-1f460d83aea8,27934.2,Monthly,21
2c4f838b-0b94-41fa-95fd-54fff2601354,142750.41,Annually,2
2be2d4c6-e86a-42e5-b27a-8503f435efb1,128858.32,Quarterly,35
72c1614a-e1e8-4c0a-a2fd-f4bc3f78e29b,166873.34,Quarterly,39
e5d0de29-359f-417a-b4c9-e87307513124,198554.67,Annually,29
6a711b6b-9314-412a-9a60-8a627981fc19,152442.08,Monthly,7
a3e2d40a-64f6-48d3-a856-0f53a643dd0b,122120.96,Quarterly,17
216b05ad-8770-4d69-ad49-8105ffb3cb86,111027.04,Annually,2
a858a3e2-395b-4734-93d7-dfa8058798b6,10134.46,Monthly,14
60a82512-3808-428a-a1a4-580a1887681e,159451.93,Quarterly,13
d47afd6d-1de6-4eb2-a6e7-4caeab28dbd1,85451.12,Monthly,7
984833bf-92e2-40dd-8a1c-dcb92bcf8767,131596.59,Quarterly,25
e71b6cdc-e895-4b9f-97aa-93e2b763319d,74991.53,Annually,11
3beab4b1-b0d4-4974-b295-103fc5fa3066,30695.86,Annually,36
5ddb3a4e-877b-498c-adab-3e7d6fd54ec0,77238.31,Annually,12
0c1f6166-546f-403e-a7b3-6e66b88ed00d,65386.21,Quarterly,1
f741796e-4973-43c3-a0cc-8c4d1c8eca1c,96447.05,Quarterly,18
a31eac79-1d64-4b2b-a461-01600d0873c8,37537.42,Monthly,4
2c31eab2-26bf-43e8-b8cd-f06558c9a644,55184.58,Monthly,39
be3719ec-5d0e-4130-a396-3db64b89dab4,95171.34,Quarterly,16
8d7c58b5-443b-4806-b4c8-ba6e33949ab1,79851.39,Monthly,19
e10d4f71-366d-40d1-b015-e1bbf33fd284,109020.48,Quarterly,19
e5b31918-0613-4081-8434-0661e67f9b0f,33038.07,Annually,27
f9fa8371-7f32-4db0-a16c-34eb45b57611,36939.11,Annually,12
358bc07d-cc3c-4a03-bd56-3d099c3be6b7,8957.28,Annually,29
8f35d3b2-fbc4-4cbb-bc2f-9507399707a7,110893.4,Monthly,24
c1232c56-e280-47bd-828d-d5f9fb7f7ba8,25186.39,Monthly,11
99bb9971-b8d9-4784-98e2-1ca07787b481,167313.65,Annually,38
46abbb8d-e3d2-44df-b6ec-edc312c33e53,58911.62,Quarterly,16
33c0f337-be5c-4cdb-ae49-8f1e2a8cd455,104960.63,Monthly,24
be973c79-632d-4201-a155-d9962d1aadfe,54709.98,Quarterly,23
2183d3d7-8e48-4891-9a38-445e9c14bccd,153936.99,Monthly,24
ef521dad-3bc4-42f8-acfd-8b69f5fcb686,9282.09,Monthly,4
9bb512df-0b00-4729-bb52-6d52915e7e86,179480.35,Quarterly,6
98beeb60-e0e1-4a2f-8896-0557119e54d2,130883.97,Annually,31
2bbf0d2c-92cf-46d3-bb78-a57c42a4d2ee,99615.06,Annually,22
fb39c984-2434-4204-98b3-621e841d56f3,113917.57,Monthly,5
5ed1761a-fbcf-428d-88c4-008f7a6ef05a,10325.92,Quarterly,16
cd84c9d6-df54-4c18-b14e-6bf661eaf75a,194055.8,Quarterly,22
47b214d5-b40e-44de-9bc3-3958cd87691b,102373.82,Quarterly,32
6b4e1b3b-3863-4506-a504-319b4db67d5b,108337.49,Quarterly,33
ae711801-d9a0-4fec-b1f7-ad6e929ccf77,95102.51,Monthly,35
2ab2657e-1fce-4daf-a959-a153cfc003a1,71754.15,Monthly,7
abcb620b-e193-4ec5-9a08-5fffb865f125,83381.08,Annually,34
1ef65dd3-bccd-43aa-a095-7590be0fa9e3,89102.0,Monthly,14
7aad0479-8853-435b-a779-644326f26009,50910.3,Annually,38
0d87b7d6-1675-4d8c-b79c-75d7a75e1827,27094.66,Monthly,1
27e37240-b698-4a96-a6e0-653ab7bf0e9c,21002.47,Quarterly,25
b8883bc3-5e45-4002-aa5e-c94476356ebb,97152.98,Monthly,22
fe48275c-ca39-4e9d-8fa2-d38ce083bdc3,158863.18,Annually,32
6db027ef-8f39-4ce6-a736-e81e195b68ac,176302.87,Monthly,3
be1e484e-668c-4220-9495-2a3140d85d34,40837.7,Monthly,21
f73ad4f9-479c-4ab7-b975-118372b0703e,72822.3,Monthly,15
5d81985a-a5f5-4908-b03c-d49cd426fdd7,149872.69,Monthly,1
15f5597c-aead-4a21-a036-05f0f0592430,152229.76,Annually,19
7295da16-a216-46c5-8ddb-f2c133affbe8,65213.2,Quarterly,36
163e3c6b-9814-4d47-973c-2ea8a15f0645,170054.46,Monthly,31
e2f35027-c02e-4dce-a92a-6b638b2dcba5,191518.09,Annually,17
6e879bb1-3729-4088-8c9e-cdc344a08c43,28438.05,Annually,1
d07f3a7f-f7da-46ff-92aa-fde3ee94c929,72942.69,Monthly,22
fc085fe2-a3e0-4284-91f2-1053619a0769,46123.78,Annually,17
f73e2ab8-b29c-47a4-af71-2a9466ccfd3b,5832.13,Monthly,3
3fbc1de5-5ddc-4ec2-a6e7-bce5a36e7d19,148710.04,Monthly,31
fd1937f0-dded-49c6-a255-66f26268dad7,119640.5,Monthly,10
339737b1-e8eb-47ba-8196-7019ed11c6f9,45439.8,Annually,25
0bb6e310-698f-4cfe-a360-9fdd82632e37,199542.94,Quarterly,20
543a17f0-1fbd-4773-925f-4c9d2d9ee959,186632.14,Annually,3
d4cc1c07-1f72-4be3-8a05-b75bfc5ffbd3,27834.68,Monthly,26
b50cc093-1b5a-4cf5-99e0-e35103bf18fd,22213.9,Annually,15
0bca0bf5-02c5-403c-b55b-6726f008d2f3,104501.47,Quarterly,27
0af91bc2-43ca-456d-904a-91947936a03c,125042.48,Monthly,11
a1fd774a-44d4-4cfd-a26b-2b415c8dceb5,59991.68,Annually,25
d571ab8f-90fd-4417-9000-b4b2260db925,9113.28,Monthly,20
6ff99acd-ddc9-483f-8bbf-bc0fe5c2a7b0,193121.7,Annually,17
1b408023-5b85-423b-969c-13f876ea17d0,78520.3,Quarterly,12
32e459e3-32e4-4842-adb1-79fdb06ea6fa,8821.84,Annually,21
c64755a2-8fe8-4245-87d4-62446e2321c0,45741.52,Annually,19
779abd8f-9b6d-4ca4-a188-740f6a38c53d,57125.41,Monthly,24
2b324bc8-eb7b-414a-9135-e7fc8b9874b6,141271.0,Quarterly,26
c044b4cc-4101-4b36-b412-dd46ba51ae7a,6336.31,Quarterly,18
4ea3f922-cf94-4177-b55d-4f5b1341885c,170058.7,Quarterly,33
fbe00b45-af0b-4195-9227-4ff4a8ac64f7,69512.12,Annually,20
0e2b7b8a-47bf-4658-b7fb-040de1cd14d8,42955.42,Annually,34
f342979f-b14b-4f8e-94f6-d4e6b7e94d6f,166480.39,Monthly,1
f1a9eedc-0a67-4dd4-8421-267d9055bd7c,47817.99,Quarterly,36
434c0d88-bf7b-4849-aca8-88b58e56a709,51416.12,Quarterly,15
bde12ff9-b76a-46aa-bc0b-7a63dd0b3c2a,63282.59,Annually,40
9e1856d4-e531-4eb3-b169-b9612ae03e69,128137.87,Monthly,29
10951a7f-1d70-468a-9aab-882095ec7b18,158833.86,Quarterly,5
daa10adb-54a8-4819-b3cf-3264fec71b01,105971.79,Monthly,39
69d5e145-3f60-4bc6-92f8-f73672f1c826,109663.7,Quarterly,28
ffe8cc4d-cea7-4bee-a7cb-4ad02a5e6568,148578.7,Monthly,21
17643e25-bb49-4fd5-92b1-f88613f6b447,23529.05,Monthly,13
55a72e90-94cf-4b01-bd85-306f78a80b1f,129280.14,Quarterly,32
08710cf5-49a0-4699-a52b-fd671ac9bd8b,117915.53,Quarterly,9
cd660786-d8e1-4d3e-b9ef-99b12fbf323e,39153.53,Monthly,21
06342e2c-9460-4c63-a6bd-c1f21662ce6c,21626.45,Monthly,37
e1b18289-cfa8-4c91-afcc-7489dd258b78,129937.65,Quarterly,22
75f73bf3-2f04-4d93-867c-cc1e5e0dee5b,103423.59,Monthly,1
b36a9b03-2d6d-4ee7-9da0-e27ccd392538,152023.23,Annually,1
53c946fa-eb5a-4dbc-a930-06ac1bad68eb,134747.56,Monthly,17
eeac8afb-5190-4c40-b4b1-cba84d744c48,175708.01,Annually,23
1984706a-551c-4e92-a42a-8ca2643fb0e5,85203.23,Annually,20
f8d1a2cf-231c-4480-be79-902a602df36b,89668.81,Monthly,6
e4e4ad31-552b-4ee6-a197-ad8b97758971,79391.53,Quarterly,22
1e36610d-c384-4540-b0cc-edcfa332bb30,108531.26,Annually,26
8ccf791b-70a6-42ed-a623-4ef85fc2f225,69139.02,Quarterly,13
77aec135-318f-4a1d-9481-68c9af515346,130963.96,Quarterly,14
efe63f95-4929-4335-a9f3-cd285f86e431,63240.59,Quarterly,36
ed21b465-b233-4e01-9019-cf038e53a549,159993.18,Monthly,33
a9142eb8-5e8b-4347-9c42-e5758d3974a1,90533.13,Annually,18
f5157947-5270-48c2-b00e-58609793dbd7,177789.76,Annually,33
c6bc79a8-8768-45b0-b3c2-757d29e28177,120384.89,Monthly,30
51b2c220-010b-4383-a2ef-ae0bb4e384ca,147755.53,Monthly,18
d12604f4-ecd5-4612-9799-b5ca33536591,101094.34,Quarterly,14
e6e18d93-6480-46f1-9355-28493dcb5d7c,176830.34,Monthly,21
d845d0a1-5dc6-4e88-9d64-b59046afd237,159875.39,Quarterly,30
877188b1-66dc-4e9c-968c-4d4c3920571c,55779.69,Quarterly,29
2d8485f3-c77a-4d36-b8a5-143abbabf05f,19783.62,Annually,28
7d9fe889-30e3-4a22-bed9-fd400dbfed5e,95123.88,Monthly,5
39f18d9c-cf4d-4710-add1-edb55706941d,102717.09,Monthly,18
d04a4f79-5547-4d3d-832a-46e627964cec,16148.37,Quarterly,35
c2627a9d-79c3-4ad0-b5b2-f335c4066b81,155441.46,Monthly,19
36afc38a-b3f8-4209-b6b4-ec41d3c3bc0f,131613.2,Quarterly,1
0527552b-c8db-4124-99ce-cb8b21f4b586,16263.03,Quarterly,12
7fc85645-a0c6-4e94-b152-fa144f62c7a1,111774.38,Monthly,28
89b923cd-b045-4011-876b-e620585400e6,85707.02,Quarterly,24
9d78c053-a79a-439e-a751-1452d3930f39,7829.72,Annually,33
ce15a334-95d6-46e4-a0ac-1a3d4681d505,172452.06,Quarterly,11
132e7fc5-84b1-4f6b-8898-bcae33ae2eae,78243.91,Monthly,10
afed14d1-cd6a-4254-95f0-cb0d9fef0e43,163433.22,Annually,28
a5f33d42-7264-46e9-8674-892b42900ee1,145769.44,Annually,18
75c5356d-5211-4efd-9c3f-d9932432d7b7,89886.89,Monthly,10
76939b47-b2f7-4f97-ab9d-e61621676c9d,81879.53,Annually,19
ce28487e-bd30-4ace-b789-f6a4161f936d,139915.96,Annually,19
0b9c7bdf-d785-43b8-8ca4-b0d4608d7e43,183491.39,Quarterly,40
9231eb72-0b32-430b-af08-6455c54b5a0e,76698.46,Quarterly,11
8cbd5125-816b-466f-9696-a2abffea657d,173345.12,Monthly,15
a9da9d9b-1af5-4c2e-b048-fa5c6d3ab058,175650.36,Quarterly,16
d3ba6264-481d-47e3-ab0b-f4a113f55964,10822.57,Quarterly,33
0c66b7ab-68f4-4a74-9c79-f6730fb4b3a7,21976.52,Monthly,20
066b1506-99e6-4eda-825f-c23f8c17718f,43749.44,Monthly,39
0d1a5372-f63f-42ff-ab25-467c95a43e0c,172792.98,Annually,12
4267f770-e887-4d13-a52e-647ca0025fc3,76328.15,Monthly,3
b1636f32-2c1e-46b1-b1b6-8f92d24d5de3,120108.45,Annually,38
5c8b50f8-8e4d-4135-9f4f-80e8c415fa6e,181756.48,Quarterly,33
f6dda240-4fea-4eec-94df-83162474d25f,140922.11,Annually,17
861f9f91-bf88-4e4a-b42d-a78943eeaf1b,68862.89,Monthly,9
941a8df5-d3e7-4df4-bfe5-2e6a32bd3041,179018.23,Quarterly,30
0026ced9-7efd-466a-974f-c23c37846ba0,24210.68,Annually,36
b50f93bc-7d0f-4199-92e9-38c26532edd8,125652.18,Quarterly,28
492f43c9-fd35-4763-a38c-57d30352df1b,66664.61,Monthly,8
b5c2c2e7-cc95-4303-b904-221366b1ab9c,184752.06,Annually,20
36b04ba6-71a8-4583-969e-b1264ac28903,101763.44,Monthly,39
61255dce-160d-457a-a298-049ecb35e521,125683.12,Quarterly,24
1f91b1e5-4938-44a5-86ea-223b7adf334f,41735.18,Quarterly,12
6bcd83bd-8a5b-4e95-88cd-2a0d6649d7f9,22983.03,Quarterly,17
68689992-b3b9-41a8-a0de-bb1514c1eb3a,113180.87,Monthly,10
cdc59c18-20a8-427d-b4dd-d4a6a259fffc,140809.56,Quarterly,24
d2f02deb-cb07-4eeb-bd73-c251f185828b,90684.54,Monthly,35
9fc52385-ea3f-487c-b5e5-28c562d83154,82719.86,Monthly,13
e723dea4-762e-43a7-a62d-6024863528da,184795.53,Quarterly,38
5bb9b754-f5fe-44a3-91b9-e1c24422ff81,98932.93,Annually,19
1a63d7ca-6b8c-4410-8b2b-d322a4c9ee19,191868.24,Quarterly,19
b1e7bcdd-3221-4851-96a7-ac4630ef6321,128064.34,Quarterly,24
709254cf-ac72-4e87-8c7c-60316fbe221c,65606.09,Annually,12
93e78f41-2fac-4b6c-bf96-247078888be9,9871.13,Quarterly,4
9d93df57-8a3a-49f0-afb0-de17817e7213,95458.21,Quarterly,4
1ee11999-8b5b-40ff-8174-d0ace641c9ab,154330.04,Quarterly,22
7dd975ed-6bdd-4b3c-bc69-e4cbacde678c,41163.61,Quarterly,17
4c870e0e-ab5b-47d9-84e2-df327773ea7f,149039.47,Quarterly,13
d1c6b696-d0f9-4c93-ae29-313b68da23f1,52272.95,Annually,34
304ef795-3cf3-43de-9d00-4867b4fb8cb3,133787.76,Annually,10
d52f7135-641e-4f76-952f-22c423e3d361,99505.67,Monthly,9
eeb7cc02-f970-436a-a904-66ee00aded14,149900.83,Annually,35
50d237d3-fb66-48fb-a7e9-f83c0bd6e726,139030.95,Quarterly,16
7f33258c-45e4-4da1-a7c2-1a71249f2527,163757.92,Monthly,1
02f05207-764c-4246-9498-9560ab42ac39,38031.88,Quarterly,28
91f94c9a-9e8e-4565-ba81-2d7f16701128,12056.74,Monthly,31
ad2f4784-abd8-4212-b40d-2931e50f20ee,142350.78,Quarterly,21
8cd00c60-56f6-46a6-9559-40d924e0ebec,175789.34,Annually,39
643ef874-0254-40f8-a78e-02b280433aa9,179522.45,Monthly,11
043cea58-e21a-46b2-9324-fb87d115bf9f,15479.45,Annually,24
a5f4b776-e002-48f5-9888-a219052fa05e,70291.19,Quarterly,38
7f220e06-ba6f-4c23-b2b0-acf5033657d9,47362.1,Monthly,24
29b6fb8e-be4f-45a5-9a3f-6887e72f8563,172364.01,Annually,14
ff4e4323-1c86-42c5-9875-4039e69d3511,71442.39,Quarterly,33
c9bf528f-d552-4a75-ae94-821c06958779,172001.04,Monthly,6
08847db8-4d4e-41c8-95a7-c9067658a4dc,110874.92,Monthly,27
a8d6af62-66c1-4523-94f9-52bb3ea04082,39130.06,Monthly,5
1718ae8b-32f9-42bc-bf4e-fdb18f60cdf6,123400.98,Quarterly,22
0451ffeb-0f3b-4339-8dde-948c664b5385,184086.45,Annually,32
a3fb34d1-aeb7-4967-84fe-1348e820d9a5,25473.79,Quarterly,18
f6aca420-984f-40a6-af66-57325b82ea67,26242.41,Monthly,17
80725a8b-e878-4ed7-a7d7-ea050144c6df,110615.69,Monthly,32
4fb2e58e-a861-40cb-81bc-bd92b416fc7c,161360.94,Monthly,38
f06820b8-968f-4ed3-b42b-13de9856ad0c,147547.15,Quarterly,7
d3b3d82f-62ba-4d49-b1b3-cb1272cee5f6,181368.21,Monthly,28
8d20a315-5533-412d-9860-2c02c8930299,165155.03,Quarterly,3
ff35b670-c783-4ce3-872f-657219154581,57026.0,Monthly,6
5303eb87-f703-47ee-acb1-6f779ac8f425,140925.15,Monthly,29
66aa8c9f-418f-49f4-9d02-8d7ebabcc96a,134806.39,Annually,11
3d851e99-e2f7-4e51-894a-e192a2f779a6,102757.68,Quarterly,33
dc569ce5-6beb-4df7-a311-d16116717ea5,64750.96,Annually,1
bddc582e-88eb-44c4-9f3b-9216506f7cad,135669.7,Quarterly,37
31330c88-652e-4a78-9ed7-4e7e406d82a7,21149.65,Quarterly,38
6abb32b6-35b1-45ae-b8b1-5ea5f567cbeb,10445.79,Annually,34
a2a7ee94-dab8-4ad7-8a14-bc5bab8c7f8b,10015.86,Monthly,6
dd5f7c0c-a4f7-464f-bcf2-a79a6b94d60c,120408.36,Annually,6
d1551568-c6ad-4706-bdc9-fd9a55ef82db,35767.75,Annually,5
72fab06c-1435-4db8-8880-e154550dcf5a,41929.74,Quarterly,35
0690168f-65f2-49a1-94c6-b5ca73c724b1,27979.08,Annually,13
74354bf7-015a-4ecf-ae1e-adccbdc56a25,143898.77,Monthly,6
acd591b4-94cc-4c13-af3f-f605f02fb403,114104.43,Annually,16
52178718-9649-4323-9834-f1c81378bd46,10896.35,Annually,11
ea98e3ae-75f6-4172-8c39-bad1910c3009,92538.04,Annually,39
bb125c4d-09e7-433d-9cdd-e6bcaac3d0d3,138479.95,Quarterly,34
5b3663fd-37fd-49d3-b448-d876fda6752e,124747.14,Monthly,19
adcbd580-67b1-44fa-aaf9-ebca67a7f6f6,79734.57,Monthly,20
a31ba917-0749-4907-9547-bbd9b335bb56,13663.74,Monthly,26
1ab0efbc-2ebf-4769-a4ed-4052d4628c65,71194.33,Monthly,17
f72265d1-c8e8-4684-a10a-1d6953e69930,104735.27,Monthly,35
e3b64731-a41a-4a6e-b01b-c944aea58ad4,22863.84,Monthly,25
d1bd4469-35f8-4d7a-b7ce-29a1273258df,135382.43,Monthly,9
e6db4ab4-a748-4b52-966a-baa0fdaff10b,6542.39,Annually,2
aa3ef93e-6dd1-4cb7-9ab0-86294d3b16db,116943.62,Annually,21
ab68e578-e494-48b5-8cb6-4a2a70c883ed,150233.96,Quarterly,33
4ff0bedc-8b92-4187-94df-d283bf78053a,74350.71,Annually,13
b4e86383-9bed-40d3-9b86-346beca0f766,197991.13,Monthly,26
bdce22ef-afab-4f74-a212-3ebf7aba6ec1,137596.75,Annually,6
0accb1d5-e44a-465d-a345-6faa5a82454e,69989.31,Quarterly,25
109bfdbd-1e33-4d5b-9194-7eef23871ff8,143009.54,Monthly,10
25b359e8-7e23-47ea-a811-355b91e9812d,194126.27,Monthly,29
2ae55e1d-f6fb-4188-9d09-a12b380fe2e1,147837.76,Annually,30
3b59cd4e-109b-4a43-bcb8-cff5ceb84f3e,82447.15,Annually,23
7d7f419b-6439-4a89-aaa5-122413a79b6a,110768.82,Quarterly,29
e32bdfec-04b2-446e-9838-8881fc65fd11,38730.57,Quarterly,38
45f776ab-4490-4b49-9bd2-edf4bf6a75af,9583.74,Quarterly,35
0015dc2d-5e18-4c74-ae93-e0e0c5187d5c,34596.85,Quarterly,40
ff495913-9578-4a94-b940-1b0e972b2c56,172446.34,Quarterly,39
64e1f1a8-a758-475a-acd3-2a8bb0b6e93b,139525.5,Quarterly,19
bc5476e4-8934-441a-a98e-507f543299e0,171218.37,Quarterly,9
16cf027b-2f28-4bed-adb1-021394dcab00,48353.8,Quarterly,4
3c228a25-fb3e-4209-b2b6-fb730dbff627,20866.78,Annually,25
36f284b2-af54-46a5-b900-e44d26ba42bc,33342.91,Annually,23
2e0f10fc-e659-4a62-8e66-7a71c9811bab,170889.73,Monthly,34
d207a07d-bbd5-4453-8527-7586c62971b0,36864.76,Quarterly,2
7ded05e5-5254-42d8-99c6-9531a9a78013,194089.01,Quarterly,9
41055141-a956-4839-aa69-11bb51e7aedd,66861.68,Annually,28
e317504a-6d20-4d0b-bde5-bf63c4c212a6,18303.68,Monthly,33
2da007bb-238d-4c5a-a8b1-21d31979945c,40012.71,Annually,23
0918f16a-17bc-40f0-b390-633f17600c1a,54699.61,Quarterly,31
b0e7dd73-9c88-4e57-b5a9-9b55b5e571e5,7977.1,Quarterly,39
c4e57b1b-b364-4786-87c9-9f065b696f5b,85997.84,Quarterly,29
4b721425-0d75-4301-a5dd-5607c4bb4e90,77500.96,Monthly,3
7291512b-7d9f-41a4-a115-c6cbbd764c79,91746.01,Quarterly,38
b453056a-275e-474e-83f4-b29a206c0aa3,177656.77,Quarterly,4
157cc4a3-1bcc-47f3-8598-9050abe8a40d,92299.11,Quarterly,20
d6a7fdd9-b18e-46da-ac2d-11b4c02fd17a,169358.23,Annually,21
b33c7811-5473-49d9-92bc-31b523dfb058,47491.05,Annually,1
56c70404-0ca5-4248-b860-f9244a81cc8a,51932.35,Quarterly,11
f162b44d-a585-4762-a215-30444d16b99b,118347.35,Annually,5
7ec6cd1c-de0a-42a4-9220-c9221835193d,125539.83,Annually,24
e69280a0-21ba-4354-bb93-60f74b7696ad,84708.07,Quarterly,29
39275a9a-ea28-48c1-90a9-9038a787b37f,158582.53,Annually,34
5734cd87-30f9-4e25-bfba-3340fabcaabb,137131.31,Quarterly,23
24d27070-e37a-416b-8c91-467df5311f2a,106021.37,Quarterly,13
47ae427d-d3be-4d57-8ab5-35148049363a,85291.86,Monthly,21
de792e3d-7b33-4ae1-934e-4cb96f81a7c4,124351.36,Annually,9
c909de2d-cc0e-49f0-ac49-60e2f6936fb9,8484.65,Monthly,19
027668f2-f93e-4aa2-a05a-ef7947700c82,51438.71,Monthly,37
0ced66a8-1e9c-445f-9dfb-1947859e129b,167612.86,Monthly,31
e6920e26-bb04-429e-83f8-d3e920813a88,192831.11,Monthly,29
ae8db713-319c-43a1-87b9-0be93652ba2f,153759.76,Annually,15
0594a7ab-9d62-4cfd-9c63-42d47c55bcbe,141655.36,Annually,1
e5b74f45-31e6-407d-9400-66af20724a77,145955.79,Monthly,32
ab1025bb-4d55-4ec7-92f2-ee25ef1c2554,29317.36,Quarterly,28
8bd86f2b-be36-4433-a485-25324c979ea7,58855.64,Monthly,36
018ffa6b-144f-4852-aa9c-b50dcf1885e9,108903.95,Annually,30
985c899f-3ada-40a4-b9d2-de9ccd49d4fa,47265.89,Monthly,40
f883586a-bde8-4ae6-8a35-8c47a3d1867f,90896.39,Quarterly,9
dc38cfad-78ab-47e9-83ae-71f95c6c1dfe,70552.84,Annually,38
5d4469d7-0ef8-4848-9292-3b1a07960c62,107351.78,Annually,28
50fbabbe-f58b-4cc1-98f2-40548b5c1241,25846.89,Annually,16
87913d08-f2a6-4df8-9f1c-75aec99bd3ee,25543.97,Monthly,15
fa23e89a-3e61-4767-9156-d881594ff187,82805.24,Annually,27
b17ffee2-bc76-4567-bf13-fd73d7d7c1d7,144150.58,Quarterly,37
2cf8d665-1965-471e-80d6-4f0a4f827b9c,60562.73,Quarterly,4
a9d742a4-0e01-4da6-a85a-c98e6409b3d2,65960.92,Annually,33
a1e254b0-b821-4a7d-8306-78a965ea0ec1,92329.75,Annually,27
1d484f28-20f3-4970-b047-5836519db6e0,32725.61,Monthly,2
bc6be7b1-f908-4e23-9651-4c40beca46fc,115025.4,Monthly,2
eef8283e-ac4f-4376-93a1-d9574ab6951e,65278.21,Annually,19
782d1e48-168f-45e6-89d5-72c918f19241,172524.44,Annually,1
af048893-f426-441f-8b4d-83d07b60f19a,168226.91,Monthly,29
a4cca0db-fb38-4cca-9a14-02009344ccb6,141432.39,Quarterly,25
de4c7122-751e-4e3e-a068-9abc6389d5d1,20895.66,Quarterly,31
4a6b4d78-3481-43ff-9a30-928dbc486576,178801.45,Quarterly,33
d17d54f6-5e19-4d64-a11a-3b11c4cf099e,174321.65,Quarterly,26
3b5eb52c-eb76-4d6d-9aa2-6deb6abedb69,110861.79,Quarterly,20
2274c9a2-04ad-43a5-a8b2-b18d375505b5,154934.19,Monthly,10
1d81cb20-ef7c-44a4-8ec1-ec8bb8e57b35,134925.39,Quarterly,24
e20e23d4-90b1-4e7e-90fc-9e35ad83119b,56931.13,Quarterly,23
c1512758-3803-4fc0-9659-f401a4767e5a,14020.18,Quarterly,18
e41d8937-241e-43cb-b2ae-e98cef17cd9c,158474.51,Annually,8
f7f3952e-4e62-42ae-988d-7e3903399f17,75826.23,Quarterly,26
ec190ff6-88f3-4fb8-9f09-4062a49c6fb3,125098.02,Quarterly,16
5e885a05-e059-4af2-9576-f1d3045d5d02,129468.57,Monthly,16
ec676939-043e-4fd2-96ce-e672cb77def8,193187.78,Annually,20
396c703f-4694-4d16-8787-9c29d096b4b1,53195.26,Monthly,9
0b73d425-5fa4-44b7-b16a-3449c1cf3ca3,119865.61,Monthly,32
47da9fd8-fa3c-4d0e-9d02-ab2114e1c0ce,64102.86,Annually,33
bd1b2e80-7f5a-45cc-b906-689b950a9b50,8638.26,Monthly,5
27544696-5639-4d69-bd23-4318544b88a6,112667.04,Quarterly,22
23e2ed18-0248-4192-a276-3ee185e10ef1,154723.78,Monthly,32
cc5b80b3-afdd-454f-8eda-7a029e828e24,15232.05,Annually,36
73312696-2a51-4d0e-b4c8-29d615db91b4,39889.31,Annually,31
9fea8ee9-edfe-4598-aafb-6bc5afde50da,93481.59,Quarterly,33
f5d4f54e-0f95-48ec-b652-8735f1962413,36401.9,Monthly,12
7c4cd5dc-2cae-43be-8ab2-e21853199712,66596.13,Monthly,10
e84eaabc-98bf-4d8c-b9d5-4cb1eaee893b,104982.06,Quarterly,12
ff73679f-d752-480c-b388-91c4420d7958,127138.41,Annually,32
7550b557-af0f-4dd9-ac9f-36cd3679e668,168083.6,Annually,1
1f1a45f0-9b60-4e80-8d20-be870d969703,108631.47,Monthly,9
fbce9131-ff8e-43fe-9eda-8d0c35977b57,164865.48,Monthly,3
519aa312-8f59-4382-b766-a3715787b46c,72447.27,Quarterly,12
d5a80619-f7d8-4d15-b895-64048fcc27d8,21077.67,Annually,7
663f8799-4a7b-4fa9-8185-72f8f7805563,32019.28,Monthly,14
4284d515-f158-4ecc-9180-612fec234b1b,144416.49,Annually,1
e7c56357-daca-48c2-b682-0cf372ddf0a7,173774.96,Annually,30
f0ed10c3-092c-4ff8-9b88-d49826babcd1,91646.49,Annually,4
08d7e0c2-ea41-4fa1-9163-474cc545bf23,67386.76,Annually,5
e38a8d73-976f-46ab-91a3-67c7671a6f2a,112975.48,Quarterly,13
8cbe2395-779c-4569-a06b-09fac347aca9,192339.36,Quarterly,16
91281b6c-8144-47fe-aa75-93d04d5f10e3,31110.24,Monthly,29
dc53b226-4eaa-4097-9af3-26cd7af4badf,139035.68,Annually,18
924572b0-ff8b-4631-a818-eba79e22f85d,55092.03,Annually,39
7cc456a4-6640-4345-b00e-fca349a5b810,163536.01,Monthly,28
548245f7-e113-4d81-91ba-270e2f0f6841,44771.68,Annually,25
67b2883f-f431-41ea-ad1f-42913868e959,66268.67,Monthly,39
cec4e327-1583-4855-8f1d-e1e4ee7ea542,167913.72,Quarterly,21
bc488fd9-4699-4bca-9379-b966dbb0df7c,28231.98,Monthly,30
9f0047bc-5f7b-44c1-b80a-9d4dbce569dc,43792.57,Monthly,22
7e5d2b65-0aec-4739-bbb0-f8e6e1a2e4db,91929.88,Annually,23
42583763-b2d2-4e0b-89f9-0bc60e52cd69,112745.56,Quarterly,29
66c331c0-3fc2-4493-82e5-b30e94f765fb,22708.44,Monthly,19
c39aa03a-76d4-4247-84ea-2abc617a05c3,9579.34,Annually,20
6d0db040-fd36-4ade-96ee-e7e02cb2883c,66298.14,Monthly,12
c5ed5beb-8604-4580-8eb8-39be9bd0ed1e,172626.6,Monthly,38
9c6065d3-688d-4675-912d-78cfe3a8f70b,198902.17,Annually,35
0ea445ae-5132-488a-8ea4-3422bbc00e59,92948.67,Annually,4
e6e6f2af-4b1c-453b-9b35-1a4e7a032218,8225.62,Quarterly,11
7c55c8fe-089d-4744-a72b-875c1d88eed7,43117.92,Quarterly,14
7da58e5b-0890-4210-80ff-0ba2b49fa534,185435.95,Annually,22
419c9936-5090-44e7-9e6a-af12573d000d,66820.24,Quarterly,27
c918a552-cb16-4cc7-9002-aa32e3b6ca8e,32458.16,Annually,17
a9e02792-379c-4043-a8b6-74a51cb56720,72258.44,Monthly,8
fd99580e-e48d-4c69-807e-d7f33f2b1d4d,147616.09,Quarterly,3
2b2a8e0c-7b38-4007-b5c5-baf27c1b2950,107710.87,Quarterly,14
eab27e1e-2896-48a2-98ea-a020587e81bd,163421.62,Quarterly,34
2d2bc988-d731-4ca4-a4c7-ed8811374182,72077.03,Annually,28
48007139-5c38-4de1-8364-96618f9b1d3c,94427.34,Quarterly,24
eeeb8a17-ab0c-4161-9f3a-e44eaf2826fd,124770.14,Quarterly,35
9a964963-190f-472e-9ed8-7fa13aa47168,16322.74,Quarterly,19
77663542-111e-42c9-8914-cf57d002f034,40601.36,Quarterly,16
2b7409f7-828e-4513-bc42-2cd0bf5a56e9,68233.64,Monthly,19
4d66536a-b758-493c-8207-3b798aeb9d58,106981.39,Annually,31
3946523d-b91c-4a5d-93ef-fc7f04e5e3c7,40447.25,Monthly,19
87958731-d766-4128-9b72-ae4f5a9cd70b,83335.69,Annually,16
db035ac0-c753-4be8-9fcf-666ba20cbb55,7308.27,Monthly,5
143210ba-d8df-4038-ad1c-d65d381bc60b,98289.07,Annually,23
b0e4ca74-18d2-4ad9-8af7-ebc98f7be33f,6223.37,Monthly,5
5664506e-30b2-4018-959f-204ca754e862,143961.32,Monthly,34
c8b7c6cd-3112-44be-8785-adc57071cbe7,181176.83,Monthly,27
24afc7f8-c49b-43bf-bbcf-feeddbbfd633,109733.03,Quarterly,24
2da64542-3cc9-4aac-9182-b9badd419ffe,151146.44,Monthly,33
e1bf4ddc-42da-4290-9e1c-ba7a0c8fc6da,76686.89,Monthly,21
4b3263ef-3189-49ee-8252-c9d6df61d190,110701.92,Monthly,4
982606f1-5734-48f1-86a5-af200c3869ae,126435.42,Monthly,12
75fa1f16-5042-4e44-8b8b-c8d21108ec46,108888.45,Annually,19
3d98287d-f164-40d5-b7c3-844042398284,169485.88,Quarterly,9
b4915f88-46a2-4dd8-b00c-83d4e5bce495,124352.32,Annually,15
3e2612a6-e8fa-4471-8997-583211b04b98,57843.81,Monthly,37
e77a1221-e609-481d-afc3-abc9b88f50d6,132660.14,Monthly,6
3ab25f07-ac56-4b36-8df6-f2e30fa94d88,169363.83,Annually,33
897aa8ff-ca4e-4054-b37c-220943c66e2c,43074.67,Annually,34
67d3adb7-e8ea-4876-b00c-c8327c5ee503,181120.49,Monthly,8
1add69d0-d507-4c19-b473-8007660d179b,140887.39,Quarterly,11
e07260ba-488c-4e60-97c6-5cf9b28db8d3,56643.87,Annually,28
dc7b8342-bc0a-4c6b-b584-b573f24eda87,10302.28,Quarterly,27
c89ea4a2-8963-45ed-96c8-8bebeb8c36c0,105668.35,Quarterly,25
96d85407-b915-400c-a93d-48e089dc70b4,62016.03,Quarterly,40
279e4134-1969-4789-909f-cc39c14433d0,67474.2,Annually,23
be43607e-3e8a-40a0-875c-02e9ed0d8037,180371.2,Quarterly,35
fd6ace31-6701-4183-ac20-d080fdff483f,156773.14,Quarterly,17
2fdb1e7a-fc1a-41e3-9595-08d30e12d21d,38750.22,Quarterly,12
60aa2ea9-ee03-4e2d-98c0-a85b44533489,175140.61,Annually,13
eb4c1600-42db-40eb-9d97-d7f89f087e07,41319.31,Monthly,12
ae186e96-5acf-465d-b68d-211beba546b9,145641.23,Annually,21
86eb038b-b45e-42da-aa5e-8951eba40bb3,39645.41,Quarterly,11
cba47857-194f-4182-88f2-992841b751bd,125183.58,Annually,2
1109c1b4-eaf4-46e9-9a0a-2854756f702b,192408.19,Monthly,5
1a319cc9-fbf7-48dc-98ab-fd44e14afd99,33613.78,Quarterly,3
219476e1-f7e7-42e8-bdd3-19a19a8eb924,60670.67,Quarterly,11
de0eb424-b953-4c63-bd2a-210dba747b33,48797.39,Quarterly,26
044646a2-9a16-4922-8b6e-88f4b8a2dc4d,117985.3,Annually,25
23b4d749-6bfa-4284-b5da-568538317b9e,189540.35,Monthly,28
6b9e5d2f-f81c-4047-bf2e-707ab422e9ae,62650.76,Quarterly,36
c4435403-7097-473a-b96d-eb43961c8b4b,193148.93,Quarterly,6
07530142-8af3-4f8d-a3f5-25deee50f979,43918.29,Monthly,18
01576908-c5f0-4042-96c3-b0321ca325be,37012.84,Quarterly,2
be9cea21-7eae-4b3a-8c55-3a7ee32d9837,10690.26,Annually,39
72f254cb-3889-406d-8010-ca37e251d846,128612.24,Annually,26
54441d65-d3c4-4316-8af7-965f093e2528,144902.59,Quarterly,19
8267f7a0-afc2-42da-aa08-0e824614cd9c,33164.4,Annually,16
59a9ef62-ef72-464a-adcf-57c4b2224bfe,123494.61,Annually,9
a55b685f-7b2d-4fcf-aca4-667145a076cd,82686.25,Annually,8
a69fba07-04f6-473a-9e51-79e87980e9fd,45666.65,Annually,6
56684f90-dbab-41ac-b24a-f84ab76417e7,131548.86,Annually,23
c79f21af-7fab-46ce-9385-eb8e3f81f370,134879.06,Annually,19
16b2e484-5413-4c6d-9ea8-87860bc75a02,118143.68,Annually,25
bcd6c789-3fa9-4db3-af3f-35f751517672,184539.44,Annually,34
dbf264c5-af04-4cfa-9f7e-3d48de562bb1,52364.9,Annually,31
3571ee53-9878-4ac4-b5ab-7ab4a5394f51,79464.59,Quarterly,3
26426488-cb58-4cc0-b42f-4046d302c164,32534.34,Quarterly,32
126a170c-163c-4239-9f9b-3b531d3e911f,32141.63,Monthly,36
d9e4812f-8bbb-45cb-b88c-c04fa9339d8b,58333.02,Annually,24
293146a1-ebb5-442e-a99b-0f7197d3bcd7,77952.15,Monthly,33
1d9c79e1-ecb3-4dbc-9a16-4e067b26e750,52586.47,Quarterly,4
c6d1db6c-5484-4e2a-b22f-787cb4eb7860,5823.58,Monthly,12
6963827b-255b-448d-a2cc-46dcd5166415,146250.32,Monthly,9
41846a97-7c25-44c2-86de-56a16950f5e6,156396.4,Annually,30
884b10f8-35c1-42cb-a199-9a443e63204e,65942.86,Monthly,14
a505e619-cdea-4e84-b519-55a975cf7e68,24270.68,Annually,32
c4eaab29-da07-4c49-b4c7-c1252edd873e,84824.47,Quarterly,35
68536521-2a13-405b-ac36-6a821fc1eb48,39483.12,Quarterly,32
304733e9-c96e-4a1e-9799-d02d27773ee4,94980.77,Quarterly,35
bb81d481-4beb-490f-8a2f-863c9b3ad4a7,59665.86,Monthly,28
c953f844-641b-4590-aa80-d31f033f95ca,88867.95,Monthly,39
29fea634-f38b-4370-bc14-9458ed75c765,24817.73,Quarterly,30
965ee25d-d587-42e0-8099-77133c109d32,122478.65,Annually,34
6d5cb844-2d73-4609-a2a2-26a92b616eef,23644.57,Monthly,10
25cf4f28-bdb7-4e21-bfda-8bcd8506aae0,72241.95,Quarterly,15
a1b1de7b-820d-4d5e-9e24-58acc1c0ef09,38444.31,Annually,23
e01efcd8-8d17-4699-a76f-c367a307211d,149562.09,Quarterly,36
5d63d1e6-179b-4761-97c7-6effa3807c92,103007.59,Monthly,3
e6249051-3c34-493d-b888-312effe26b83,109005.11,Annually,30
18cc5aec-1210-4ab4-9248-b0e0be9ec032,13252.32,Annually,27
f8b33fad-c294-4032-ae83-ccd6909257ea,165030.28,Quarterly,35
0a0aad39-3ddb-4d65-af2d-4a0e26ebb8e7,41662.83,Monthly,7
858a2142-fcf1-4ab5-ab65-7abed8d4910e,183679.61,Quarterly,30
484de5cc-a0e8-4e92-89b9-2548946cbace,158589.69,Quarterly,6
59f5784f-837d-4b95-a915-cec8c22f1f00,141269.89,Monthly,39
83b4c4c9-4cf2-4e5d-990c-33b62fca4496,112712.57,Quarterly,33
a6361c56-0e5e-475b-bcca-897cbc59de22,114529.62,Annually,17
9a785f11-7f19-449b-ad64-2973ce1698be,95634.86,Annually,6
dcbabe92-2b73-4e56-b262-1f10c74f4ad1,29546.2,Quarterly,35
33c85213-5a52-4a2a-9278-cd4bf4321d8d,131035.86,Quarterly,14
a122e167-d97c-459f-baf8-22176853c298,40156.02,Annually,18
b7d21bb5-3197-4d51-82e8-fce579c5051a,176432.05,Annually,15
ae69d32b-c4d0-418e-94fe-c029bc2d7922,179595.57,Monthly,14
d2506703-310e-4e5d-9fcb-86ad5fad2ab6,98660.47,Quarterly,22
ed353d4d-df03-4a37-a725-53bce62a21e8,47845.49,Monthly,24
de81f1dd-a01d-4213-a814-b115161eadb7,101499.58,Monthly,20
fda41f2e-a514-4cd7-801e-166b84be1181,102968.88,Monthly,31
a598b7c7-8548-4e96-a7ed-8fdf8adffef1,22626.44,Monthly,26
91f26a79-d898-4226-a03d-b951353ece73,184515.93,Quarterly,9
8b4a0a4c-b9b2-460d-be68-1d16cc804abb,114185.73,Annually,11
de52f06b-a3d4-403e-83a9-07136848f65b,89740.27,Quarterly,33
a19ade79-5ef7-4e50-b789-2deeae54e1bb,86499.78,Annually,29
a4ed7dd2-97fa-4100-897c-f1f6c5dcad46,120256.72,Annually,33
96f64a7d-ea2e-47e3-9f67-4516b7048b25,93536.64,Annually,26
2bdfb8f5-4585-4812-b070-9c59d7f7c827,12415.57,Monthly,26
4e4648fb-f097-4361-acfa-ee53ae38d27c,188965.51,Annually,15
cde621cd-5556-4c8c-9b94-36e1f2d5ff2d,142898.69,Quarterly,36
1ec56c38-8fd5-4008-baef-28d7cc666401,76402.11,Monthly,39
c26bb371-b68c-4f87-8a63-737e04b3ae17,189191.0,Annually,17
6464bdfc-a31b-427c-bb9b-c928982b2d85,58651.47,Annually,8
632c0bf1-57ea-48c0-83ff-efb04e3e0552,70530.27,Quarterly,38
e2c0a6bd-025d-4e98-be1c-2c95680fb808,77017.5,Annually,33
4f612800-d518-45ca-a5bf-48d3c4bd112e,91017.78,Annually,4
30fbbc32-cfb2-414e-b56c-87c199987ffa,198881.49,Monthly,3
c3574671-a091-454f-a63a-12474b34f1f4,106741.29,Quarterly,39
5d42f8a5-080a-4bcb-a51d-803a11a9a75b,145234.31,Monthly,25
d4f9eb0a-9c29-43ea-b67e-0f5fbdd3a8c8,40573.18,Monthly,25
2c23e698-36a3-4c91-abfc-9b717c0de332,81391.58,Monthly,18
1653ea3b-b637-4a76-970e-2f7ea2208438,19144.99,Annually,2
e7b927df-bff9-4c7d-a56c-968c722ab883,112643.24,Quarterly,28
ecc3fff8-67d3-40e6-ba7f-4ff719165f32,118767.4,Annually,5
82442e69-5b23-424c-a63f-855c25289dbd,169726.51,Monthly,15
d6d1a4bf-cac1-4ddc-a75a-a5629ffe8082,58915.12,Quarterly,40
40ee461b-64ee-45d5-8219-56b4a3ae751a,98900.08,Quarterly,2
d1dd1ca0-d66c-4d4a-9444-aa6835a62787,82311.32,Monthly,8
ac5a3825-205a-41a6-957f-9a22f1a16adf,177421.46,Quarterly,12
aae9be4f-2937-4509-8d5e-d4f8ea6badf5,78839.69,Quarterly,38
56eba15d-a1cb-4696-8a68-b9430bc61699,57777.84,Annually,19
19f28f14-62ff-4f96-9824-fa313d931b80,141086.51,Quarterly,18
8861d4c5-1cee-46d5-abbe-a8fdc7667d18,40719.31,Monthly,21
065a299d-0a3a-411e-b0de-e3f278641b6b,144518.1,Quarterly,30
55913742-be00-40e4-8af7-300bfa519c4d,45796.42,Annually,26
8453dc84-eaa2-4b1a-a2de-9d8cb3d521c0,114026.29,Quarterly,8
1aaba789-a1e9-42c5-9641-db0f92aba71e,162365.01,Monthly,25
f572291f-7b9a-4d69-821c-4b2e4f40deea,67672.86,Monthly,5
77fb5d67-5ba0-4acc-8aa9-9cda522bc59d,50753.52,Quarterly,21
979fc13c-d5a4-4cb8-8050-c4751d5e9ffc,9588.7,Annually,6
1a25e09c-2859-49b8-8ed3-80b67f12f242,132152.92,Monthly,7
1d3e3b2d-d819-4f7d-9f47-351e037c05bc,20541.03,Annually,30
65055cc5-300e-429b-9767-f4ccb66145f2,175773.89,Monthly,24
e7c4588f-6039-4736-a39d-e1b8f623e9d1,199048.45,Quarterly,38
5bf55e5d-e0f8-4454-867f-ab75bcd25a31,152402.46,Monthly,4
7b547d0c-de79-45ee-93a9-6918e031b52c,111130.76,Quarterly,34
a2997cd1-853f-4ab3-8886-76528de5b6ee,146830.95,Monthly,26
95b58278-b194-44c8-a3da-b7634887c8ed,121311.61,Monthly,9
40d1941a-3d6f-4b38-b592-da14dc061048,78721.74,Annually,35
5529a011-a058-46a9-aae5-bdec7b5d4784,47498.49,Quarterly,25
a96d18da-7ae5-4902-b724-9a1c9c0fc5de,141972.61,Annually,10
d95f5ae7-2906-4d1b-9612-4dfef0ef07bf,35474.59,Monthly,3
5cc3ac15-4eaf-45b0-a760-9273bed06c61,39781.61,Monthly,12
dd953451-b23e-4b65-9359-8de009527b6a,58390.55,Annually,14
baea839a-890b-4381-978d-e7f416aa07f5,189927.52,Quarterly,23
ba911f82-3656-4aa0-ad70-0e1a20014d86,37190.95,Monthly,35
9a99e057-9006-4926-ba97-31233e97ea70,194206.65,Annually,23
a592fb24-5d71-4b0d-9fde-54f001a38246,40664.77,Annually,19
3c06fc43-7c46-4f5c-863c-3351f89984e4,38356.19,Quarterly,29
660e0372-c954-4c14-bc05-cb3ffe9cd0dd,48425.91,Monthly,22
56b2dffb-8eaa-44de-a0de-84ecfb822931,74905.74,Annually,1
54257728-9c62-48a9-9e19-f5946d0de2a3,20401.32,Annually,8
a78e7877-296b-41a9-a1b7-9bb944ff89d0,34821.29,Annually,9
7f9b49bb-224a-497f-b870-b45b20b3a3e4,196324.84,Quarterly,6
86efe42b-2a3a-4165-a2e7-66c0c810c7ca,197280.2,Annually,31
f6eba6a6-03e0-4dba-9017-d83dc5f2c15d,187139.61,Monthly,6
cb2b5284-a213-4bd0-94b2-9576002b6ae0,119177.01,Annually,11
7f2fc48f-4c0e-4f09-8cf4-8c05210bc075,34659.3,Annually,18
c7efbe2b-5c8c-4a23-9660-340e8b1167d6,95375.59,Annually,19
65a5e121-a58c-4d4f-9948-de33bf6f6b8b,138826.54,Annually,29
deffde1d-2f77-468c-97c2-7ca56d74b2f8,32535.87,Monthly,4
59d1a105-cff1-4719-b66e-43e0eff7aa84,57654.83,Annually,4
85ee5339-57f4-4908-93df-b36c7faf42ca,49859.45,Annually,9
f621ffa8-1ab9-437b-a872-b243dad6d939,42174.12,Annually,24
f9fd82be-24e7-41d4-8353-cd00b4bf08f1,172992.84,Annually,31
b5ee01e1-7b4d-4fb6-bd4f-1e6b26db3aca,61415.18,Annually,3
cd05ee60-19d7-4904-a321-6092cd51dab5,112798.26,Annually,30
3e0cc0a3-e694-4ac8-a112-c95ead0c6396,39442.02,Quarterly,5
02f258d8-12c6-437d-9ad9-263590f5cdf4,113234.28,Quarterly,13
a46199f8-0b23-4acd-bcf1-1e63734d7e34,173117.61,Quarterly,13
d96ac6bf-53e0-4e39-95c3-ff50d733a081,195430.63,Quarterly,12
671d22ce-e333-41f6-8ed2-e0d033e39834,168437.87,Quarterly,20
e6fe38ad-bad7-42bc-96af-3a243e149778,152953.29,Quarterly,4
e6418717-b79e-421a-b335-1baaf46d6cd9,192085.89,Annually,21
e6e4a387-2814-4711-b1e2-026843007c06,88800.2,Monthly,39
b279be3b-8ef8-4043-947d-b2659e91cd39,179522.94,Monthly,8
126c8702-7515-40d0-affe-6c45f53e5430,27643.83,Monthly,21
4ed08c05-fc92-4035-8243-819cdffb0b72,174249.21,Quarterly,12
5e902774-aad1-4ff2-87d1-acf56f99e975,14216.88,Monthly,17
57ce3143-b49f-4cc0-9faf-0c1f4065b039,65206.45,Quarterly,29
c8cba614-d6cb-4823-b4d5-2ce280cabb51,78369.7,Annually,36
91c66283-e46a-42dc-b58f-ed6c5ff2f95b,193574.41,Monthly,1
7d3d9e37-6318-49bf-92f0-38add0d96088,145668.4,Quarterly,11
9f96801b-bcbd-42d5-90d7-27830364bc84,142726.75,Annually,32
2b6a5f33-738a-4c2e-824d-8282cc16e939,46115.89,Quarterly,17
1473b6ca-cd98-4355-a8bd-091d50ce4f37,36468.0,Annually,23
4aa14c5f-3973-41aa-9b88-66e288a83da9,46895.64,Monthly,35
3162551c-d2ff-4261-8738-9fd2548a5bc6,174782.14,Monthly,28
a775704a-8649-4c18-82e2-9f1051d530b2,55820.04,Monthly,30
b22b9385-3c22-4297-80a0-4f6acb146ae6,67392.91,Quarterly,23
f6885e22-fca6-4106-b5e1-01dfe7cadb1c,20964.96,Monthly,31
b1cdbdf8-1767-4b90-ae96-0f722ad1b62d,105759.19,Annually,8
0345f5af-9d78-4154-8fc2-6fb3957bcef5,162100.66,Quarterly,27
8c5253da-42f1-4176-bc10-8a4078d23d01,187343.4,Monthly,8
5324bc5e-b3cc-4bef-a4ee-ad04197d3c7a,132157.78,Annually,11
c4ea40ab-ce6c-48dc-8e77-c43600d605a5,136689.98,Monthly,25
910f91e9-8805-416d-949f-2c105ab67249,83302.28,Monthly,8
5986c0b0-a38a-471a-8ca0-152698c291c9,29929.11,Annually,26
d6a55465-a2b6-4301-923a-b15f619b43b9,93187.62,Annually,23
9206a0fb-8906-40e6-a2aa-6825a3aa99f2,112446.56,Monthly,33
b0d6879e-9a0e-4b00-b560-b3d443b6bf9c,18948.11,Annually,6
9b67957b-a57f-49d7-a1ee-161b65f07606,112158.65,Quarterly,30
13e1ee30-2b90-4c77-b0c6-61cdd3a2ab21,120651.08,Monthly,23
e292295f-c80b-4740-bb3e-e77699fba04a,199702.34,Monthly,15
2b2b5193-9935-44f5-859a-4e4fcbcdaffe,141448.84,Annually,27
feb5c44a-ee24-45a3-aabe-64a4b668111b,145380.28,Quarterly,18
b5ac98f0-5ea3-4d12-a736-ff3997e6e8b6,115950.64,Monthly,14
ab7118fc-8560-4b45-b033-47176d2582ae,74068.54,Monthly,3
9e18787d-5b94-493b-acca-3f3d4307edff,133049.7,Annually,33
42110f77-8aee-4a8d-962b-f46d84ff37f4,59334.95,Monthly,31
c8ceb56c-9615-4a86-af73-12d7fcbe70c9,54102.4,Annually,23
d81ee4f0-8eb2-415f-b8bb-4e8f9a510d53,160245.93,Monthly,15
005ec776-2ba9-415e-a851-0724676a775c,126188.69,Quarterly,10
8a19cf29-e1e1-4b68-bae4-0795103c32ce,78655.53,Annually,7
8c0bf947-a705-4098-a9bc-f6d2a80619fb,29302.86,Quarterly,36
f3ee0e88-c30a-4312-a473-320b69643d72,147177.63,Quarterly,19
d6fa2053-f240-4daa-bc29-17b0cc2c6492,150543.7,Quarterly,3
06159684-204c-4dc5-b9cf-dc8b2cf0c45f,81571.8,Annually,5
6367d5b2-5e37-42fe-b294-d6f6587a6dd9,67782.81,Monthly,3
842351bf-10f8-4b19-9968-fcfcf342178c,145529.15,Quarterly,15
bef110c2-7730-4fdc-ae61-e2ccdf0dea7c,20646.93,Monthly,19
e0719270-9f45-4ca0-9172-bf9d681d51b3,114534.83,Quarterly,39
f5796435-b211-4f4f-b8aa-dc2ead88b69b,36790.56,Monthly,2
8bd02c14-5325-4c0d-ac22-005d823fee53,195304.25,Annually,30
fd8c346a-95cb-4617-8b7f-97edd825483f,164518.32,Quarterly,23
1cac0a47-aef3-41b9-828d-defabc65dedd,144272.23,Monthly,17
1139d147-00d5-4f2d-9d9f-3a4c783c4a32,45863.78,Quarterly,22
1ee48b4f-9e45-46d5-bc2b-8ede89f9d547,116263.09,Monthly,37
d582813f-b146-486c-9d79-a72e10108245,16873.13,Monthly,5
bad48364-0fe9-4b0a-b529-1961cc33d088,78042.04,Quarterly,10
f56c8817-ddca-400a-91c5-5468912afc8c,160423.06,Quarterly,13
8139174f-0c09-4c90-ab6d-1ae61602a21e,77651.45,Annually,12
9beb8748-933c-4254-80cc-d69557005ffb,48774.23,Annually,21
d4508c7c-4591-49bf-8c07-7df9f9f56535,40270.29,Annually,6
83d8ac8c-b26c-4dad-b1e2-59dc8956002e,12911.92,Monthly,24
a77b944d-a37f-4d6e-b940-1ee5ea621634,6046.69,Monthly,26
5f215324-8ce1-42ea-b5da-c2f33e53ba6d,87230.92,Monthly,4
6dcedc02-b5ca-41b8-9809-72f84df79afd,18327.76,Annually,15
57b3f291-ca8d-4c62-8a73-94d32bc85a25,33662.24,Annually,35
f6eeb824-2d7c-402f-b035-9066f5fd7fd1,10518.62,Annually,8
26e7d295-627d-42d7-92a7-e1852f9ff628,57511.86,Annually,6
d48ec919-33f9-4d5b-a0e0-5083edb85a31,154965.48,Monthly,7
c73a302d-0f34-4d95-859c-0acf117f3259,81111.28,Monthly,18
4fe953e4-d2e8-4328-a67c-aadccb8a8e5b,123685.52,Annually,33
1dfe1c4b-46d8-4b44-bb55-bfb299f57550,26390.6,Monthly,34
748c0acf-4335-473b-81f3-043a60c01717,115883.02,Quarterly,4
27342400-7cf1-4fb1-9593-ac54fe89180b,133591.61,Monthly,10
4562a62e-c36a-4824-873e-4f43083facd5,82972.45,Annually,35
40a03103-72d7-4cba-8dc8-48cbc7568d02,115179.23,Annually,7
29754345-2fc5-47d4-8cc7-7eb7472a5439,128048.66,Quarterly,30
e45ef6a0-d668-4840-bc70-aec24c64fa90,90709.46,Quarterly,7
f13c7586-610b-4d4d-a3c0-4b6c4f48da5b,178013.33,Annually,29
fbe73e9b-9e85-41ed-8e2d-232a4dfc088f,125320.58,Quarterly,16
9d604dff-cceb-4fcd-b79a-353d609924ba,64748.06,Annually,29
16e477dc-fc82-4311-9199-d82bb2cfcae7,176358.23,Quarterly,8
eaad101b-3498-4df9-b96f-ae2a8a743308,127077.09,Quarterly,3
c72dee9c-2cd3-4d7a-9c53-d4b148a1381b,125902.16,Annually,37
ccf7ae1f-47be-47bb-8747-a7cce54ac358,165412.94,Annually,21
5012ea9a-5ed5-49af-84e1-c55d86fb8589,11058.34,Annually,21
b8528fd4-e0fa-423e-95b4-14c4249d872c,21206.81,Monthly,15
d1b58233-831c-4dfa-8715-a5036c356ff5,56538.46,Quarterly,9
70b5575e-1a17-49af-b765-6e98f644e63b,44367.81,Quarterly,39
cc268f1f-576f-4d99-be80-648c99377664,46404.5,Monthly,25
2533ddb8-3745-44d6-957b-3b281af55664,84007.05,Monthly,35
c5726039-0b0a-4471-b69f-888faaa2757c,60704.5,Monthly,37
0ae4d90e-af22-4163-820b-7fffb7fca29f,56294.28,Monthly,7
1dcc9a0f-6a3c-42f4-b70a-97b75b973eca,28541.16,Monthly,32
8f56c5ac-eb6e-4b72-8701-4473d4f25a03,145237.58,Annually,27
da4f23f1-650c-4773-89e7-053a820a0f07,103393.67,Quarterly,17
21880e6b-e556-4e9d-a055-e6a6c38071eb,177846.0,Monthly,26
8c81df5b-25d9-4cfb-9f52-d9db6e1b16b9,179048.41,Annually,26
90ba4a9e-6db9-4b62-85c3-00a36286b8d0,185601.35,Quarterly,14
18242378-2272-45d5-8ff1-63da923f9946,176528.43,Quarterly,21
f538f5dd-5d0d-4dd7-986f-9c2b8085b3bd,82919.69,Quarterly,35
6b3c6300-a7c1-4b63-975a-9bde7caa76ac,106277.66,Annually,19
46922ccf-7501-448e-900e-7d93fbe23a94,109423.57,Monthly,13
8dd4ecf1-1684-4d24-ba2b-8d774ca026f5,54048.25,Monthly,9
85761f67-475d-4b0f-99a7-076da6653020,65822.04,Annually,7
fad6c8b7-ba2d-491c-81a2-16f3fe730898,159501.84,Quarterly,14
cf0be7aa-becd-4511-9347-f1779a2b9f56,169526.39,Monthly,8
3830cf8f-b38b-47c8-ab4c-988f37cb76f8,106124.97,Monthly,33
d7a6dbf3-ded3-431b-8b32-fe4b5888ae66,86673.47,Annually,17
db023e64-4031-433c-8848-916ece13b592,16953.35,Annually,11
19827e29-9165-4de0-9b8b-3e9baa7e1512,23594.8,Monthly,15
ada2daba-4caf-4224-a764-97da6ab6c740,196257.48,Monthly,37
0a889da5-ca8a-484e-91a0-bb58e5d33239,17237.96,Quarterly,9
9d2bcbbf-826e-4823-86db-f3c1420a615e,126991.76,Quarterly,20
7aa349cd-a1e3-4827-913a-420e1d2910cf,26020.3,Quarterly,11
2e3a8c19-965b-4c63-8f08-4a76c80c8c49,59300.99,Monthly,7
278f2da5-3580-40e1-887e-a24e98e0dd61,72729.25,Quarterly,4
a53b4e12-6e45-4c66-99fd-59b029abc4cd,40399.04,Annually,4
60717392-50ba-4cfc-a767-9f44d0c2564a,111131.44,Annually,38
31a07a63-0ec9-4210-b4ed-2a4a25721754,91160.79,Annually,36
162ab185-b5fd-4e50-9a0d-a63ca30c2028,63976.49,Quarterly,30
1ebd3c14-8eb4-4b0d-84cd-2d43c712a5e5,99865.06,Monthly,24
339e191e-191a-4f28-8c9d-63e7caa27dce,161199.01,Quarterly,24
1d62e814-da6b-4392-98f9-d392c5d58961,5893.16,Annually,32
ad5fd727-09f0-4ac5-a610-102288dcebc4,123725.42,Quarterly,29
e9593540-b5c7-4dee-9bad-4e06910708a9,58642.47,Monthly,33
078e0159-343d-48c1-b9e5-2760f751705b,24756.82,Annually,26
602903a7-ae41-43b5-8939-e192bca0b499,185448.24,Annually,20
5ba47f0a-65f9-463b-8048-711cc822a52b,101402.53,Monthly,3
458031ff-8d2c-4dd9-8b28-a542f777c337,42239.84,Annually,30
074b756f-801b-4320-b75d-a4fc35e4705a,48170.12,Annually,20
61cf4e24-a67b-4bf9-b94b-1d24a0b91846,45098.44,Quarterly,37
d8f04d69-3fc8-4845-abe7-dbf68f9508d4,198727.36,Quarterly,4
2264bbaf-4921-4a04-a6dd-ad1903247aa8,17546.9,Annually,27
24715130-921b-423e-809d-4be313db30a6,147641.15,Quarterly,27
7ae66f07-90ed-41e0-9720-a77c74c2bcf2,58546.22,Quarterly,39
7c3da9fb-f6bb-4c59-8ad8-beb755110abb,89299.26,Quarterly,15
9d0edc5d-f2ac-44e9-82e3-b8c90eeeaeaf,21419.69,Monthly,5
52f9e1fd-13d6-4be2-a342-e36fff928cc1,119394.25,Annually,11
c001c6bd-a845-4260-8a24-d6a75738cad1,38294.32,Quarterly,39
07462599-ce70-455b-a6b9-8a0a27086c59,117526.49,Quarterly,35
27eb193c-8ef4-4209-aa99-948594a9e08b,127521.06,Quarterly,21
f27c9049-264f-4369-a297-4165c291ea3f,143222.73,Monthly,20
b6007a3a-e1eb-40b9-b8d5-dd3d6a87b82b,143404.05,Monthly,33
d74fd264-e688-4002-80c7-730a09ede333,63134.03,Monthly,27
342d8086-5db0-4a52-be5e-4c3915c152d4,47534.81,Quarterly,24
7225f3ab-8a0a-4a9f-981c-6c490e889a57,19318.12,Quarterly,34
006bba3e-147f-4422-85ec-574ac37b65f4,139957.64,Monthly,5
b9e7470b-59a6-4339-8ef7-b140c58f6529,145019.81,Monthly,29
7492cc84-0bd7-4315-a213-db8839e69198,191688.27,Quarterly,4
e62815c6-f358-4794-a8e0-0982f0358fd0,111360.62,Annually,15
5fe6f5a4-a616-4809-9351-05157bc3e6b1,98423.29,Annually,32
8fd79c48-105d-4937-b315-c72752b74287,139549.17,Monthly,24
a2d67e88-6876-46e4-a301-e898a44d3850,29822.77,Quarterly,15
4029108f-ca9a-479c-8b55-19fdb0fd41cb,58517.07,Monthly,37
304ebd38-f794-40f3-b2af-ec05bbfd294c,166527.89,Monthly,3
e09a6229-f9a8-415e-b6fb-90041c939f4e,126353.2,Monthly,30
d5cee097-51e9-4b85-96ef-cb8cba6ad52b,136037.57,Quarterly,31
e501e26d-adb2-4e28-a0f8-de8a26399b03,83605.58,Monthly,8
54e3dff5-9cf2-4db8-9148-9c81f596097d,182893.21,Quarterly,2
5e20e469-432a-4a33-9ea6-725b1940dee0,86961.43,Annually,4
6b7a61f2-2a17-4834-95f9-1a2a100159c6,126062.31,Quarterly,16
50879028-0c3e-4031-b4b6-96d62998915b,91224.52,Quarterly,6
7f571c50-f6ac-44ff-88fb-98f388b4a7ba,160670.51,Monthly,29
c33960a4-e5ae-4967-b4e5-2dc09cf991a9,69761.36,Quarterly,24
744d53fa-2e5d-4fc6-8e44-fdb314f0e3f7,100343.68,Monthly,4
8f13114a-68a2-4447-9fd3-891819083075,95927.52,Annually,1
0462e658-2b54-4937-b70d-dc37ca2682e5,197251.85,Annually,30
ce677f8d-4dfd-4b23-aa07-671371481e49,167369.86,Annually,11
de56a90b-b288-4b02-8d06-87a3f9610a1e,125318.01,Annually,25
58c35df9-1fbe-48b3-afd7-c4dfdf9bde85,65522.29,Annually,17
72e34ec5-0ca1-4943-96ff-0ba6e851d88f,149105.13,Monthly,2
7f8e0cdd-ba55-4986-8455-7503b1de9088,63897.51,Annually,8
dff16c07-a1b8-4bac-8f10-8527a6904168,18200.48,Annually,34
770e8bc5-782c-4980-8575-f39d946d1f8b,171487.59,Monthly,17
d6ad203d-3a50-474e-8e77-8c4624b0b390,136029.85,Quarterly,38
24fd2ca6-292f-47be-9b27-7ed2eafc8ad7,197402.48,Monthly,6
d87de5e1-6350-4ae8-8c59-f102578cff27,33935.77,Monthly,16
092b0872-58dd-4af4-bab0-50e74ac20ba3,85859.2,Monthly,21
b12f3e0d-adca-41ed-9a0c-555596041f4c,82151.13,Annually,11
d91d2c98-95cc-46aa-8730-64efff5aaf13,91490.35,Annually,39
54ce1fcd-b2df-4a63-94e0-143d4acd2898,109919.83,Monthly,1
ab6a51ea-c649-41ec-b01a-5a7259732243,14837.36,Quarterly,18
6261e255-05f5-4442-991b-7664ba37fdd6,76173.27,Quarterly,15
ae2d6962-949b-492c-b168-9c90f06ea3b6,76858.57,Monthly,39
9ea259e5-00c1-41d4-9cf5-2fa0e330b9d2,29309.04,Annually,19
5cd84f1c-283f-427a-9703-4f4c18a8f5be,120831.61,Quarterly,11
d3eca345-f03d-4d2e-bddf-ebcf450e6e31,170122.2,Monthly,5
a228292f-32fb-4b31-bed1-988210071fbf,61289.19,Monthly,17
3ea1499f-f566-4eb1-9962-c621fbfca34f,163153.62,Monthly,29
4e27a330-932f-43fa-a433-ac504b863788,196004.24,Annually,17
05bcf9dc-3afe-4b20-93be-3233b5fa4a27,170273.15,Monthly,17
0391c521-dc00-46e2-9fe5-6ea35c20bce2,14968.59,Annually,7
94350c90-9208-468b-a89e-920beb64e319,75144.6,Monthly,21
9bcc5e9a-a08e-4e14-9df8-a32f695332b4,191248.03,Annually,21
f6a05a87-dd7c-4229-99da-fccb41b83d2d,21746.17,Annually,31
626a4310-358f-4104-bc3e-b6f68fee2141,86926.74,Annually,9
9223a373-c337-4816-8cc1-3563de85e18f,80482.93,Annually,39
8afd715f-e2d9-4fe9-81e5-d5d46bb4485e,54403.75,Monthly,18
7a8d2e1d-c778-444c-a873-a7f25db207cd,82951.51,Monthly,19
59a788a3-07de-4346-bdc4-ad3e0cc06f34,146713.37,Annually,35
332968c9-d242-436e-ac99-ce3d71bc76f4,173366.5,Monthly,22
d16e1489-9311-4c91-b061-be9608653864,145172.03,Annually,37
c1a51a19-a440-4c64-a044-2c01fc93f694,138899.3,Quarterly,14
7e6b995a-7532-4ec7-b056-e20f849964a0,50284.91,Monthly,33
67ac3f66-8b10-4927-8f82-c0f45057156d,63203.71,Monthly,25
9496851d-c87a-4f1a-8a3a-eef545cb9723,175467.61,Monthly,37
7903679c-dff3-4b3d-8bcc-547b4fd6b57e,186191.35,Monthly,23
7ddbe222-ca20-4903-9ce6-694fbe685f75,139767.2,Annually,9
6a38d000-4527-4de6-8e68-0b33c73aab11,95123.98,Annually,23
68ab57a7-df6b-44a3-8264-ec2e5aabeecf,56591.19,Monthly,11
a4b765fc-ba2c-4a71-b470-33a8c0bba71f,159333.51,Quarterly,27
d973055e-f573-49f0-ac90-4cb332ab98b5,79662.43,Monthly,35
360fa911-eddf-42c9-9c4a-eac311b45b66,147827.02,Quarterly,26
8b14e266-dfcc-44c4-bb08-cf013a3a98ee,194926.94,Quarterly,23
bdb78ee0-8739-4b25-bb11-5667c02f8e03,85132.79,Monthly,12
050d6aec-d5b3-4e63-a0c0-2e35190d11a7,127069.78,Monthly,3
b3c942d1-0b46-49c0-a9a1-196db17ba24c,80709.22,Quarterly,15
abd9f85e-06c5-4d33-9bb6-5b97e6b1510d,13859.61,Monthly,25
fa4b9693-b39f-45c4-92c7-b4fbeabc5bc2,6090.08,Quarterly,15
60b84530-2a71-4cee-a2c4-bfdbb2fb8288,108231.22,Annually,38
7f7e2ae9-aaec-476c-98c9-9fd4d749cc52,156647.76,Annually,20
5477f4fa-2b1b-4fb1-837b-b240684819d9,145088.08,Quarterly,18
abfde1ee-02c9-4f98-9013-2f651fef9684,69531.63,Quarterly,22
1ce55f65-f207-44f9-8d5c-c65fab4bf5bf,50719.44,Annually,2
5fc8abdd-d0e9-43f2-bf5c-e2b2e93d2c3a,9089.68,Monthly,39
5e421506-ac22-49e5-8d03-e2c4d5cd14dd,157944.46,Annually,3
937d9953-dafe-410b-b60a-7691c8cc4dfb,46633.44,Monthly,27
7d346cff-db16-4b6f-9a3f-d2039feed1c7,22176.48,Monthly,16
c46fe300-9351-4cfe-96b6-e64f864fdf8c,63468.37,Quarterly,8
4d1aa5d5-a1a5-4128-94b6-ceafcbb18647,88505.35,Annually,10
547d0e0e-c0ee-4059-ab7b-8d6098967c0f,59190.98,Annually,24
ff84faf3-759c-40b4-a14e-50d7325515e5,121922.82,Annually,38
9414d2ad-7c9c-4501-a558-01d69fe664d9,73632.17,Annually,6
781af379-fcde-4ad6-83e3-cfd52f49e689,89545.24,Annually,18
03d874d0-a3c8-4654-8184-b77ffe57fccc,16515.19,Quarterly,7
61685ec2-1f22-4c12-9410-9a1cba8d31de,172926.58,Annually,39
d6b80eb4-c6b6-40aa-8985-276149658abb,90363.1,Annually,38
b73c2e70-0fc9-4694-bb22-86e352de116f,110851.26,Quarterly,39
3a5afbe1-15d6-4707-8433-724dda8a21fe,61267.26,Annually,12
3d183c6b-20be-42f3-a196-475ee067d0a6,160463.05,Monthly,30
d6ecfd34-8abc-46d9-a469-e689348f6f3b,130078.62,Quarterly,31
ce300b73-a1ab-4e36-ba03-f821510e82b5,42168.74,Annually,31
8731562e-f99b-492d-a8a0-0e9fd188ea00,152237.86,Monthly,21
581e8ac3-a9d0-45ed-bbf4-5f0263fea8a7,161699.38,Monthly,24
4eea1e70-7ff6-43d3-b27f-a572d7412520,66116.72,Annually,22
fcc0b45c-153d-4df0-ab21-52774d357f6a,148309.76,Annually,37
7a4a5535-97df-4b06-aa24-7c6c74933539,22258.25,Annually,31
3cc59cf1-1fb4-4c76-914c-bad51c934a16,68557.06,Annually,4
e5b9b911-b0e5-4971-b29d-bb34588070b3,160283.81,Quarterly,27
f14f4268-e4bb-43ad-80d6-0ef5ff643c07,102934.43,Quarterly,20
3162cb40-7ec9-48f3-b263-f44ca6cf41d4,94084.02,Annually,8
5d09bc03-34ac-456b-8cfb-b125c399b83b,122427.88,Quarterly,31
299494f7-7369-49d4-9d9a-a0d1ee1969b1,123679.08,Annually,40
75271dd7-b2e8-48a5-9f42-61015317fc32,148515.18,Annually,4
e2c43493-bd08-4681-97d6-6c0fa791394f,18625.86,Quarterly,5
7bd120cc-3b9c-405f-8749-65821c550c44,177363.88,Quarterly,20
539e136c-cd4b-4c7b-aa54-cacca0ff1a38,29801.68,Monthly,16
272511dd-26af-4797-88ee-9f9bdda0fb58,78261.57,Quarterly,18
e5b3244c-2ebf-4b22-8287-f0e5b849d454,5775.52,Quarterly,5
fe1ab189-f35e-4eef-ae20-d36fb552a205,80163.1,Monthly,22
f1f5453a-60cd-429c-b3c4-60c3b2d28d61,61378.76,Quarterly,15
108ca972-81a1-4b92-a59d-d8a0a49e97b2,80434.32,Annually,26
d43a496c-c164-4e60-b24f-7d685a67f117,91540.22,Quarterly,22
6667399c-328e-47ad-af58-9c32e7da4843,14398.94,Annually,38
99bd2b72-fa33-413e-8cc2-a90a2d442777,184708.66,Monthly,5
c27a7af9-da79-4712-a4fd-27c289a2a4cd,32206.16,Annually,27
34de589d-7eab-4700-a914-0b7af833ae04,11519.03,Annually,21
5163a977-6620-4428-a1fb-85ad66051001,96806.71,Monthly,8
8a95bb6c-c6ca-4cbe-b8f5-f5a3a2db0310,87491.09,Quarterly,32
e4d0a72c-a1fe-472d-998d-12b63bbabdf6,96466.53,Monthly,5
