CustomerID,TargetRetirementAge,ExpectedRetirementExpenses,CurrentSavings,RequiredSavings
8c360080-e3bd-4e6e-a843-e06efe9e3533,67,85221.51,57663.88,333781.0253144698
7d5d910f-db48-43f1-96ff-ffc31d2a5033,67,44910.84,132060.11,404521.9625335248
09c4fa4b-43b8-41e0-8c54-e1e95c09e8ce,69,37024.26,22663.17,288972.1840679181
bb0bbc5f-5ea9-42b9-9cfa-acf5463ff5e2,64,46828.23,106803.24,192225.71831809156
a2f50c8d-8889-4b27-b14c-a6430bbaeb49,65,35982.18,77437.74,275457.6151267591
86aff200-7ca3-4a74-8a8c-a5a433eef08e,66,41328.95,143551.29,347684.8945599525
7b62ab4a-64b6-4673-bf01-081471cb2d8e,67,26099.12,190499.23,473535.86360235175
33de492d-1009-4803-ad1c-61dc83519cba,66,60807.57,162359.94,227497.62546347769
9569d6cb-e70e-4971-80e7-dd42de8c6c9e,68,51957.73,80935.93,279202.42916982743
6d66dcac-3665-44c1-96b5-3ee5c93be9bd,63,56696.3,88384.21,181525.331819692
58e695e4-fe8f-4bb6-9b62-5feabe00e662,64,60412.17,75215.1,218408.972999482
5f08202a-4069-481a-a042-964497944b4a,64,73277.45,98870.95,216750.8178053994
1ab18de4-520e-4774-8174-f7017b235354,66,94736.3,160492.44,271861.740000395
ae9d02ab-a7ab-4a52-8df2-7fcdc87b4c09,64,56272.05,143568.87,279843.9990298692
3c9082af-2c34-4da5-ba82-b4e18ea75f1f,60,42436.25,47585.09,186305.529693873
d4e784b1-1171-4c8f-b954-00e1b2bb6047,67,85013.16,125990.9,231565.9331921966
f8286902-a327-4c92-8b91-bafb14c8add2,65,97740.91,85528.99,195297.11660803657
ad9f463a-704b-4045-a279-950a911dfcc7,67,45850.39,17051.79,299747.24752554984
4b14d3f0-0734-47e3-a540-bb27310b8efb,60,36664.48,157101.5,310860.1536845417
e79053d3-5be1-4469-bb5e-c8b2044d5690,67,34452.8,70178.98,195148.27140618136
4f7a3dbe-3631-4ad5-906e-330d55c6140b,63,97911.55,77609.45,202423.9256696246
457c16b3-9cbe-46d2-bcaf-fb17629c524e,64,22271.74,167717.28,339295.21997045993
e2c27206-f79c-45e2-a849-33abef994e36,60,23555.44,48511.0,330305.068101684
79dc4b20-0e8d-4b24-a98a-dc0582707ddf,66,26417.28,34717.59,215848.3560039566
b1879c21-abfe-4d43-ad9b-460a610cf119,70,66157.06,12979.61,267961.538297334
36b51d9b-62e7-47b9-a692-6e937d1d5012,61,35243.16,68458.56,246892.3261322944
6435b03a-cff3-4f08-a55b-7cade373cf9d,69,90188.25,133871.19,326530.1939647312
b055a2cf-39bd-4e8a-bb6a-b8aea9231134,70,54634.99,16230.73,205011.7684983517
4ae3e5d3-5ec4-497e-9997-2fd2ee96d31e,60,28470.33,80290.18,255395.6232193276
abf9b8c8-f7fb-460a-90a3-7da678470277,65,37818.48,120171.02,325751.4107979665
10171008-990a-4b86-bdc6-2c5c33f75b4f,69,92937.81,188664.53,476733.0519485172
c069d71d-4800-4c39-be35-273e633e5337,70,67688.88,37490.66,134130.4275518224
cad27071-2494-41f5-a4d0-020572873e96,60,67111.23,156154.66,446054.7545288085
fc3c5e61-db0c-4927-8425-e8ee5c3d84ac,67,41237.59,78279.56,189618.83903361735
dcc44b85-aeaf-4c41-9133-ad7df5febf49,70,70682.63,198228.56,354225.47650922247
2fde8614-dbca-4a9b-a0e1-fa186d668083,67,35736.21,67649.93,260585.90677298265
38b3e451-4105-44f6-934d-793fd0ef1654,60,22085.55,30230.19,159092.48514474696
03742828-8e2d-4cc2-b109-e80ca51435b6,70,68759.07,127278.01,193217.84319056605
2062db46-3a8f-4fce-abf9-a6d65e46be5f,67,24143.23,199172.17,336479.786846726
1f2ae616-738e-44dd-9eab-d6befd3f5b3c,60,58220.66,122803.18,203923.63632278185
d3b2b9d9-a1c0-41d4-be44-51c60d87b9a4,60,88265.58,168331.55,398462.21973068576
7f1dd3ae-0ff9-49df-8550-57de1ccfe42b,64,21158.73,126429.54,297559.72423815244
5e3b6a23-1d61-4594-91d7-e051ffda129c,62,98234.16,197366.91,390716.9838042131
ccbacbe5-68c6-4acf-a543-64cef190c544,69,76497.98,14858.77,93021.9685902547
889c5c3d-9d16-40b2-b17c-82c1f014ef56,63,86144.06,45666.65,296396.311172872
20699d1e-c08b-4089-a92c-9ec94719ec20,60,71743.29,108930.23,266237.63715860905
a8bee034-3c52-4416-bf9e-684127fd84a6,60,48036.11,55364.01,293793.9023825946
6618e268-5856-4720-b230-6ba548aaac74,70,95503.93,25512.17,254232.46232965236
89f98575-8433-46cd-b16a-353435426363,68,34086.44,10365.99,150371.030449016
ebc97a42-637a-427c-b0a9-28842d5f2548,65,47525.95,142547.05,333387.52994560084
23725922-4257-4828-ab6e-01af94578b58,66,73252.73,149019.88,419739.97969788464
8eebad4b-4180-491c-8102-86fddc6184e2,66,62251.32,111850.17,364168.0286772809
29e8f246-ce58-444a-81a4-c44f05ccdacd,64,72630.26,109079.54,312758.97836455505
1312e5bf-8085-46cf-bd5e-19950611ae1c,69,70407.03,39683.01,235442.8929006476
744b508c-ab8b-4cac-9f24-951f59683e4d,61,52699.04,29727.93,304701.0674205623
ff1ac274-3f81-4f7a-88be-d6bc422c3dce,61,45969.4,112571.88,234508.81689651663
d1c7c6f0-b374-4fae-a0a8-0ddbaf4ad077,60,29345.24,101890.97,185987.18273907705
f3619b3e-10ba-4f06-86b1-cf3b3ce5807f,60,42078.01,156417.12,250731.2059727092
36111ad2-a0a4-42e0-a986-73a8aad52701,63,20082.17,58004.54,119940.76216919994
44b8acc2-7d3d-4422-b556-a182451a9779,70,59618.9,85184.56,164898.9129535134
8e4bc357-c7a8-460c-9634-a6c11f445905,63,33733.0,156003.46,437161.5697679778
327b186a-99fe-4c33-bc97-cea678058fd4,68,36899.13,31500.04,162197.4167182062
7b94126c-7942-4b8c-9cb3-8b94c0b5c28d,67,89704.9,29306.73,244899.82380383144
f32b2d2c-0ae9-4144-9256-8b25e2e2f24f,61,93132.03,121873.19,345071.38694610575
9ef254b6-f8a1-4019-b1a4-b9bc701e3843,67,36508.76,137484.25,238328.44790929617
51f7e16d-9aff-4d87-9630-125a6f9d3bd5,63,62916.78,135301.01,397615.5345483197
0eadfe1c-5a0a-40ce-93af-e75b1b969d20,68,62069.66,175031.97,240143.7998539523
0826ac56-2f1f-46c0-a5aa-f6e6d4e67dbc,66,41389.19,55361.48,268318.1393565309
9ff27c1a-0f6b-4ede-9542-57033717897c,70,87087.86,97526.03,186486.91311717767
bcacee56-e660-420c-bcf7-856de92a5762,60,42747.69,181189.18,308777.4395550644
6e936658-c72a-4ffe-8bb1-72cd3d85214b,65,39228.57,199050.65,308183.9662369087
dc74b82d-9e90-452d-b90f-db128d1ba282,61,97859.92,30369.3,328752.5884829452
b2fa8d19-4ee3-40b0-9ac8-75f0682abdd2,61,59074.05,30495.06,313146.16251421795
f671f325-c6aa-4eee-8910-e9a6fa6f081d,69,54836.73,99866.48,375427.38173365744
39ecfa67-40d9-451e-9f08-d549343963b3,64,62908.52,79565.43,370311.7395090049
daeac2ed-1286-48c6-aa77-286862e6fe8f,68,61920.64,57558.31,260116.1476769764
91503dcd-f734-4324-b2e1-f055bba7d249,68,83984.57,11248.67,247642.5876308549
d36e19fe-48fa-4cde-a9af-5effee90072b,60,37587.22,121908.4,234761.6374528958
340371c0-85e0-49c0-8be0-8c2932105fe1,68,95251.07,67309.4,200817.03324648217
d49adb92-06ec-4c3b-8533-0b98ef3e70c1,63,82919.63,39226.05,327104.09126748395
85e8e0b7-0354-420e-b6a0-e2ae4c6b87c2,70,38171.14,98081.88,338190.3105218479
b3aa9f92-da9c-4256-a4fa-a8dee957e3c0,66,74023.88,186705.1,413883.2718838886
cf3c208c-5b73-4414-8ce8-47221bf28727,61,40062.68,46055.46,182441.3523950725
08731298-57e9-454e-a6d2-2becba52bb02,64,51103.66,182138.33,362670.7181394414
65d5118e-ddfd-4e8f-a559-d913db1c35eb,62,26705.16,134767.81,340563.40767437546
6b9d28de-839b-404d-86b5-7c7ec58f8e21,64,36943.99,167424.55,305350.55671152554
2f0a9fd0-014c-467f-8e9f-2aed2b4b4002,65,72261.88,19617.33,79587.61866228087
2459f3ec-8249-4a84-8029-e5d2edcda6ed,63,60566.45,148187.07,358467.9758214492
6be29852-9f63-4c9f-8b4c-f885f4b1cbe1,67,52258.97,30323.72,153342.3973168254
66835ef6-c0b3-4463-af1f-cae81608469a,65,52618.33,67257.96,234246.37541162185
b2b3d19f-5051-4593-81e6-05ec946564d6,61,39347.06,13869.63,280765.7916074654
625ac54a-3829-45fd-a90a-154b98edfe7d,65,24183.48,161144.85,386920.25069482217
648d3528-bb40-462b-86b0-b27c53481fff,66,24691.77,170442.35,428017.77122854046
41e50749-5970-4997-b085-51371ff1d349,62,51376.88,158880.5,228104.62253960496
10b6d82f-0d09-40f1-a33a-f4b645495810,70,91393.58,38965.35,91513.04893274092
d58e6070-f933-45ed-9633-696ec0c428a7,68,78666.73,84058.56,381872.3012707013
d1f72a6e-e635-4b16-8388-58e7f80b23a1,60,83924.56,66562.9,329511.12724258564
bf76aacd-98cf-4a3d-b90f-bc9693b6dcfc,67,78069.19,123209.19,304060.6446573092
1dd4912f-65e2-4f92-878a-a8aa5fc889a9,61,95550.05,190158.13,338239.4660691164
31fe9d28-751b-4147-ae64-22f72d3b0a67,60,44018.62,95151.55,149464.54551062014
01fbe672-c30b-4c5a-90a1-7982e2256afb,65,91557.66,76606.17,171360.24497986765
5cfa4116-7a9e-4650-8cfa-7c820c5cbf46,62,45146.42,179683.49,427627.5410282588
d9888658-5ec9-4db7-b9da-cd4c3faf6912,69,51940.26,130335.54,370630.26100956165
aba69a54-4a42-4bc4-b4b0-8e3b833e1b31,69,22281.79,105591.4,399740.0266863388
5e80ccd3-e79b-42a1-8ceb-80980cf9a986,68,46683.64,23984.1,178792.94472171637
dd2fd3f2-d7b5-460c-84b4-972299c4c42d,67,59854.05,119300.48,230411.4236224739
54b7aeaa-efa7-4a36-a38e-e868767fc5ca,62,79232.33,182690.96,242023.39909664303
9b02ac46-7c5c-427f-bdd5-4694e688845b,66,49955.16,107614.36,399930.1235929208
091755b0-f201-443d-9ddd-769b99a2851d,61,52437.57,75844.6,373557.2069140941
a34e0294-9fae-4ffb-a5fe-92815a3b794d,67,81544.16,181015.14,287874.6879431574
fd638d18-7957-40e2-8346-121ac03f8bc4,67,65463.45,83132.69,267580.2809201225
11e192c6-1719-480a-8afd-52fe372b8ef8,67,34021.12,16716.24,311917.60693186324
cdc73130-6101-4a35-b159-23a2a028a760,69,51922.58,117769.26,198722.14005913533
312c5027-dd8c-4bf1-ae3c-30b3c621bbcd,68,44863.28,174365.81,457928.8875399249
45241bb9-014c-4da0-98d0-328c3f69e209,70,57917.19,46622.05,299986.32370907377
1eb952d6-edca-4e6f-8fae-8b1198baa72f,67,60514.3,82755.21,354488.4093446298
19994eeb-7638-4734-a870-53ffad93b587,68,41210.43,172889.22,341797.58141733625
22875534-f530-46a6-a113-3598cc026d85,63,83198.46,56175.7,112499.75816582954
b67d89c9-1c9e-4cf8-900e-08bcd5daa314,69,69023.76,192218.62,268569.84594651964
fce46213-623a-4600-8a0a-1d9cc8ddb3e1,64,24684.24,147322.91,388765.8416427788
5de3bf20-6456-482d-ba0a-eb3db6de007e,67,80322.49,109115.99,283677.92536207766
4aa80be6-f754-4cca-a054-e1ed6f33704e,62,67689.4,126195.51,191597.08900838136
47332c0f-9659-45f7-a374-2eb199b510a5,65,88782.1,138985.25,358114.12594003923
0904b875-4d51-4ca3-9e01-03425fc6e6a4,64,35452.79,93539.48,240791.04804006816
2aed607b-f9b2-4e1d-9e7e-cbed190466c0,65,94588.05,139187.39,333131.8635197473
1cee04e6-621e-4a75-a48c-4e9c5509ae16,61,85890.65,90288.76,215973.84596909385
f52d7d95-36a7-4247-a7bd-2a50fa004340,63,92732.97,109736.21,212986.5473345656
43018826-f1d2-4ec4-a429-c12a3818fbfc,61,45353.81,181486.74,243903.0305903012
a184c319-a329-48ea-920a-f7b4474776d5,60,92413.41,75234.21,179331.66775040462
84adaea8-38e8-4c28-904a-549c9bceda67,68,58418.45,40905.53,189367.426974364
1571a0f3-088b-4add-a31d-f1d4b7228724,62,33050.86,188875.11,394438.9217666903
b80c124b-e279-4aef-9765-ad63ad4ed433,67,20411.64,62776.59,342119.33028301573
b592283b-1f44-49b6-a961-04b051e9489b,66,59650.28,57194.89,209002.87281688745
0bfe7181-1d85-4220-a093-15521b639358,62,83279.75,104622.14,302493.141154165
fd2d07fd-afc7-41b0-9b75-446bb116ded0,66,39160.0,127477.35,417240.1617533817
63154ecd-61b0-418c-b364-ad20de10e2a6,66,90951.31,98034.02,313397.2437213336
028898c6-8105-4e1f-a774-75a501389260,60,97398.89,161354.89,322527.5154041195
cdb89eae-3330-4991-88c9-947d2fd59f5b,63,96509.13,111617.22,283384.01952274714
108c5251-ba3d-4445-9f36-af686d52bdee,66,95768.9,83258.93,232250.55898571055
26f3421d-2117-4d41-ae61-36eee6f2552a,63,37146.77,89620.39,314920.4078826573
40f89b35-526d-4464-8cab-28940398a53f,63,88940.02,148223.82,245085.18577430368
9e5c9a8f-ac77-4e51-a14f-6b07e85ab279,63,66682.85,59592.28,256785.20995235143
02da2952-9ec8-45e4-9175-db822f873c58,66,36600.22,64072.66,140430.01098325866
9901e38a-99fa-4ef0-99a5-96eae82e050a,63,90058.4,91574.82,331940.5018164314
7a02f28a-b239-4e13-8886-8093f139aa50,60,34414.0,187641.78,395910.5537560753
f25335f0-a711-4342-80a7-ff72b3da6c9c,69,44157.42,97573.39,224295.6063699177
62313cc6-076d-4b9e-abdd-2e173e898b6b,66,20680.82,41931.61,261167.6769886603
c35673b5-abe7-41c5-8448-a9af2b9fa410,62,36428.99,63325.83,212704.58498328988
23ad43c0-6803-4e30-b0b5-620882a7dcca,61,37717.88,79191.01,190931.6304059152
c9d24811-b3a8-4adb-8eb1-f46b313d067a,61,97111.42,106086.85,333460.95670049445
65152457-b944-465e-a106-c3b791825bd0,64,27543.07,77293.92,370254.73518175806
096c6c5a-a2a6-430a-b985-3b8867f6deb2,63,29969.87,167983.62,466799.04585741385
f46a96cc-9a46-4c7a-91fd-26d9ce3e0da1,64,81086.53,28569.36,316308.82649698097
e9ff7c61-1a48-4696-98d8-ef2d641218f6,61,47040.34,93311.64,181504.89174419563
76aff322-8015-47ff-ae64-2054c68b4124,65,49961.88,35907.42,131928.90816165897
52837ba0-7285-4621-af9e-a985effd1c5e,70,33144.4,194117.35,265440.60631612944
e29047bc-5672-4720-93c4-8e6e720e61ef,67,67501.4,100082.42,197187.13422286152
d24ade2d-7d47-49df-aace-4b191c5e05da,63,39493.24,153963.8,298852.14206074376
19e4f362-075d-46c7-86a0-5a5f18699f4d,60,46438.93,17831.63,221479.89321659508
25e49a16-7666-4206-8594-a664e1eea697,63,96555.27,157021.39,307915.9199565023
8e9db1ae-072f-4199-bd12-50a1b10549eb,70,72844.47,190626.03,431294.5930435796
93071eda-dd74-44cf-a87c-41aec3340f18,69,36676.44,112085.89,164408.0489782832
06eb2f2f-1171-4229-b444-9ca62eac9c57,67,80123.31,178119.52,463882.24010074977
48e1e03c-d68f-4107-a8db-3a80345e1234,67,67982.88,58752.77,194999.1756874864
bab2bf21-67b0-4d9c-bd36-457cbf33c9fd,70,40783.44,69029.29,131272.79963718142
8ae84fc2-399e-4a0e-84a5-c12d22ece16c,65,23712.72,67502.79,247303.86863436195
afdee04c-5fd9-41f2-86eb-d753296e7566,60,54169.42,194053.7,380669.4916462884
76fc57cb-6a73-42d0-a609-6351a3aacacb,67,23481.31,63090.99,252986.03825590728
64410079-31ec-4d20-9370-68ac4df6db7e,60,40586.11,97721.24,389665.3666259403
cd9b2a1d-cf17-4cd4-89c7-addfdae40170,69,79146.23,90747.49,293580.9487317795
c256f022-8fdb-4fba-a828-d2ff79a3bdaf,70,49156.21,164578.12,248634.2132780388
60b5847e-bd4a-4022-af41-4cfe05c42141,66,77796.25,38721.56,88880.9768790222
c403710e-bfd7-4c5a-9400-43147a0e0aba,61,53889.68,16030.8,114755.18424783491
da257130-3ff9-4e5e-8641-3a13afd2a659,68,22141.68,24140.83,141006.19787626545
1e020b3f-a0db-4c3a-aa49-fcda33021f12,64,90998.04,135627.77,358592.08662244753
ab391d63-6cad-4746-abe5-4f1a2c6f2007,61,47595.65,50484.95,303836.11862723326
4c4b1144-6c8d-420b-94f4-1075b0519c5b,67,71789.87,132768.44,303701.36193709355
5b15ef10-77b0-4642-9acc-d5081363c323,60,37813.13,74463.0,302873.0154288855
477d371e-8909-4b7a-8759-858d2877f5fe,68,48446.94,80598.75,136811.43639744725
3f5f31b3-867e-4d38-b90e-b841907a57c6,64,67635.76,169310.65,351466.3274869798
dca4e284-cfbb-480e-8522-2330db398742,65,97675.06,163704.06,433999.5077598069
66d172b3-0259-4b85-9c8e-50ee35c3e688,63,50482.66,162860.64,262862.5333660445
5ce71f89-e7f3-412d-99b5-58236c5280be,61,89026.92,125054.99,296113.4900923348
a1d77112-049b-40d6-a53a-abf831df5346,63,23425.27,69431.58,124247.96862519256
758208ee-6227-4fac-b29b-4b7d76b65ada,63,60662.51,159277.36,216720.13427442664
0110cfc2-26e8-4f95-85d4-b72554908bc6,61,67697.24,118916.64,379910.61883355794
a3a53c5a-71b6-4ebc-ad68-8bf67e4144ed,64,68628.67,60944.75,141159.21109864084
95ec8b0b-6b24-4b95-baf1-4245268a2c51,64,55048.88,51630.97,149988.9392087225
56b91264-b5e5-45b4-a93d-6e1d032cd23c,62,68365.85,24415.14,186757.77512777536
09788cfb-ad37-48f4-b4d6-8d935b38ee28,61,68195.48,141673.51,328683.81262320525
792275a4-2ede-4077-9638-c7e8dcc6a71c,69,75792.54,81758.6,224524.9243654741
9fab4874-d7a0-4697-bd75-4fac52af1d8b,61,91788.41,122865.55,324554.48704518203
7aa71644-256c-43e2-9310-b5537f40876f,69,41820.86,169423.12,369354.6324596525
9a6491fc-3fe4-4e2a-9c7f-36bde2433c54,63,82499.46,185641.49,422493.1976096116
80d79066-328c-4263-806d-bdc82b0b753a,62,42445.67,152043.98,354731.3149597537
1a37174a-3b4e-47cb-9362-dbf5eff64cf0,64,48763.4,114145.26,277224.8728542856
f49f6d44-9501-4613-940f-ef4a29103de8,70,31904.24,144907.97,433481.2036267556
fbcb7e75-c4d8-47c0-8282-5b6ef5b0e491,64,73997.24,173703.35,460322.5348354244
c1fced47-fdca-4b9e-bd0c-b4655302632a,60,68871.43,116068.87,181746.2220225873
03b72c50-b319-4578-9a1b-c6b318197a77,67,34963.35,183444.3,396663.9038391654
79fe5c26-2912-4346-9202-6bcbf3273ae3,60,85468.04,42337.23,212137.1252761983
002b07a0-18f0-443b-9d0b-89cc004c0486,64,99656.7,124283.52,377582.7627048741
856dff5b-dbbf-4512-8d8e-f7792e551e10,68,66204.55,71813.18,260962.91063715983
09fd79ab-07c4-4a73-af76-dda25a5ea284,63,52253.35,70864.16,252187.43449224028
278aa4b7-4bce-4109-b6c9-550c648f2b8f,67,98788.86,80545.03,183059.08921536413
c37c83cc-080b-4e0d-8908-07b28b5b710b,60,71443.85,184961.7,382937.10051999154
893fafcc-a488-4606-8e81-f6fd74145857,64,75849.84,193580.69,419130.7196923701
a1da3a22-3569-473a-bbf6-d7ff5bfa6f0e,61,44387.26,93532.55,288040.2086516009
25733b64-ef34-428b-88a5-a8d5e0cea725,61,94392.32,80232.42,265189.85458492447
84d35097-dbd6-488f-bfb5-7013149ffdb6,68,90041.52,70463.87,212424.6433604344
b5fb4358-24da-4d67-a436-f65e231c2efa,60,57347.61,21900.14,309681.9369681375
b9a20d7a-744e-40ad-a534-1ffdfc381cc4,68,82346.46,152876.34,401605.7487115946
3186fe58-1cf1-4919-b49c-47dc96b63d91,65,41465.02,145524.25,212129.0089716459
be748058-070c-4f22-8040-c08d0eb90d51,68,69314.12,150692.02,377616.9942489592
e3923c50-c1de-4356-ad48-7e947d4d1073,69,56022.84,91679.87,219461.32852114213
acc8e4a2-20b1-4b94-8b6f-ad83b0e19528,65,75144.66,113639.56,388017.7831784805
b4c0d077-7579-413a-b1cc-61aa75549f33,63,81576.56,162632.39,446720.1316738477
15c39674-f960-4035-b3c7-6006bf8be785,62,65893.33,49333.24,207707.2888081912
9b1a99c9-8c73-469b-870a-c223e7abfc0b,70,44746.45,78541.55,358275.7512252824
24732146-0b26-41a8-8acc-47b70b62c157,69,41256.08,142418.34,328240.1434783099
f3d8bb62-bcbf-4704-9ce8-32dff61bda97,61,92175.0,74905.6,161214.73856847803
5301f79a-2175-4807-9471-7d7567d5a1d8,68,81555.51,105925.54,166827.43076348442
ecba256d-339f-4ca8-b757-c50933c38d9e,70,82808.94,169453.3,267514.20020519244
f9bed216-362f-4332-b9aa-35c68cd2bdad,66,65960.9,88171.61,218830.4395274691
0506b83a-ce0a-4c2d-973a-d87a3b6f778e,69,39971.19,146057.97,437336.21653190965
ea9f7c58-d62a-4b1d-8325-1c93d5da5d78,69,97362.77,158640.08,230069.19525424915
3eda900e-57d4-402a-a165-72f900b575ff,67,70454.09,101500.92,331969.39633773465
01822797-38c5-480f-be3e-b52882dc37e2,68,69118.49,176648.63,448830.6545122876
f55af3b6-b4e2-4e5d-9003-4d6057915fbe,69,76681.14,36389.26,100261.14541230963
e98a41cd-e76f-42eb-8d55-d0410103fff0,68,20180.81,15049.34,153203.08158104718
247a3a7f-b0c4-4d7c-ad02-5386b0d22942,61,91590.08,130550.31,416686.6425015062
2de7dcd4-a425-4b9a-8d7f-bddb4d68f21d,68,91668.29,42728.56,336037.65991244646
c138fcd2-9a42-4de2-8fc4-f827b6601d13,62,96746.76,37419.78,173739.30660467883
b93ca67c-7dd1-4ead-a345-86ed144def0a,63,72512.9,114425.98,335829.13721441536
7d5abb21-0efe-4d49-889c-0e698a653489,70,75605.84,62136.47,127223.64823645043
5c516cfb-5fe4-44d8-ba96-8a974b44db45,63,98664.2,149929.88,247500.7844642723
0f10518c-35e1-44e7-aa44-c81e5fc7f31c,67,73182.55,95092.81,326331.3241048838
74f84a77-b30c-485a-a706-361c2a3fd60b,60,60047.11,57359.23,189556.65994938108
bfb18345-f5c1-434e-9cab-7a0d9f0f9233,68,92273.25,39373.31,212744.48108612865
5f91a0b9-b64e-4e46-b68e-a78f1053ce29,63,67505.36,88515.86,194599.52242748157
f5fa82eb-1375-42c7-a8c0-ec2c2e46133c,62,53780.78,43580.87,101428.87870420032
8cf8c69e-0b7a-485b-b1ee-56d0d019257e,64,82070.76,46179.77,312803.80323284725
3175c314-d582-4a0b-97be-d24bd087e9a9,67,49103.88,171253.45,351104.7504734605
c0d6a1f4-c0c8-4c17-baaa-e784a9b26450,69,49819.87,38266.58,182380.3099505023
b17d2f7c-5b54-48cb-bbce-eff4fa878717,64,90360.08,157522.57,255711.49001775097
a0a5ad17-f3ae-444d-a8ec-8d3ec56d7450,70,83428.82,106001.13,226397.27790955684
f3b1eaad-0bab-43ea-a35e-000609cfdd89,64,77052.24,101660.77,386288.54185887554
6b1eb891-057c-4f3b-be5c-54bdade6e22e,60,78495.96,70813.69,349118.1281428821
584fa269-1a89-42b5-8f56-5d0b51f6b7c3,66,39468.08,123234.23,301459.87664531445
b2f4d18d-87b7-4fe8-9dc5-063f2aa8e90c,66,53531.99,77439.31,129765.61430938164
0c23f3d3-6ac9-4ad5-b2e6-9a756e904994,62,51599.3,34497.83,319635.24205623154
e9a87417-0a08-4dfd-8562-ab29314188ab,67,30324.38,177558.49,344377.7849702769
367dda84-b81d-4cf8-bde4-2021a7a7a0ea,62,84046.84,44778.38,145044.24214369606
93aec0fc-7b62-4977-a8a1-a9251b7f2a54,67,71474.12,57449.62,278720.5363227237
b0842063-fa5b-4043-ab39-b531d73e0dc0,67,28773.25,53596.6,310367.4756626537
42d3c945-433b-4b37-87f8-4952f01cc361,70,71416.53,15078.29,129355.1036710696
74534e1a-9b2f-40a4-9085-b74f03d9faa8,67,33335.74,192506.8,376907.8151371636
7d1e59a0-3b38-4553-890c-a3ab4c38c32b,68,66789.5,74289.7,265754.85517075856
fa5523be-9433-42d6-b51b-eda850429313,69,37548.61,78522.36,190618.05263543664
83adb8d7-5b66-4818-94d8-0674c1437623,64,81810.24,159571.58,345254.8396272941
67ece2f1-23e9-4a1d-bfb7-83e33d40e569,60,68551.51,196671.58,468463.1710113372
d52b38e6-99b9-45fa-90d9-70b1f20f9338,67,32138.19,136588.16,428551.1144064441
1757a7d2-9715-406a-9683-9d1283c649a0,66,63898.19,46241.78,334827.2434935933
58740047-04ac-4cdc-9cde-b51bf566deb1,60,82944.16,174884.58,293389.1148681292
ecb89132-0854-42e7-813d-fb64e3bd05a5,61,26627.49,173042.13,273315.9251527863
ca47d67c-5575-41e7-ba20-1e7d90ad2b91,63,93846.42,156501.69,359065.0811807547
83c426ea-1463-434d-89dd-919f520e0c39,60,86192.08,15598.03,179897.130312927
8dc3b2c8-09c3-4a29-9b8d-956e963a406f,70,28952.7,93181.24,387212.9636812007
7c5fea96-b967-4ce8-88a8-d565aaa14b42,66,86004.57,184644.99,403577.9445015454
0afc7a5e-c6ad-4ba6-8572-e8726a9660e3,65,89826.81,30343.47,282134.63575321896
ab413300-8178-493c-9c3f-19b5e43dfcd1,63,97040.86,163737.87,352677.77689085546
270ab83a-e010-4d0a-b653-6ddf7a89c666,67,56637.15,151263.21,256249.30730387
f63d657e-75ce-41a3-bde7-3519322e0177,67,42718.11,191898.76,434715.9121597977
7ddb2a36-ff5a-4399-ac3a-89637eb0e6e9,64,69599.15,89630.61,314648.8007598279
8cffdb4b-aa41-41b8-8a86-737f0c2435b0,69,60089.88,151790.46,402652.7988383648
b4fe6467-85a1-49b5-b224-af829eda58e4,67,25384.44,80532.17,304821.22932399384
b7703cb6-14df-4577-8668-5adeb34f7e5d,62,90825.61,93104.12,356142.55967002735
c45f8d9c-e23c-4c13-9c00-3d20cc2fc5e4,63,51327.89,102794.64,233596.57207954995
cf234e26-e516-498c-8c37-646ecc848299,64,22881.25,77074.66,138758.62650612585
e4b8a18e-5699-4458-8828-16534f78f636,66,37590.76,66742.05,273269.63700977445
6994ee41-673a-41f4-8319-223fd39df6ca,67,77234.79,196515.71,465914.5967756084
fc960f2f-7545-46db-8ced-54b816ab67c6,65,45080.7,166746.4,236650.18499486157
0801c061-589f-4146-a719-39b2bd5e76c3,69,47288.93,195788.33,472744.2839291644
f3a31016-2bab-4103-8355-342af78bb659,61,50971.62,168553.13,427206.4031659174
650c02ea-375c-47f9-be98-bc95c63dc30e,68,93582.5,106004.11,259830.00128116348
bd35e553-4f0d-4daf-ba10-a500e62b8ee1,65,45255.91,45283.36,96967.398942604
8031603c-fbf2-450f-bc7e-260d57c78ef3,62,88223.31,112373.16,329654.7031997512
976619eb-c957-45bb-9dff-1a2306fdddd1,63,75466.92,75079.91,295846.8546497719
dd977e6d-cfa2-4167-b01c-5d923157d172,65,42645.72,133428.56,324618.8559927341
90b1ca45-79de-4557-a336-cb0a0725a964,63,42520.12,79628.26,221758.6560942714
165bed7e-369b-4ac6-b797-0886cd8b0357,65,57988.45,155240.39,422664.8948484676
01ca07e2-a75d-4faa-bf79-67e1920ab000,63,70192.58,62763.71,210386.68551180445
14eb9aa0-3fb1-4af6-912f-8c59b2072e63,62,74933.05,145754.46,306953.01568864926
3acc2006-e9d5-4cb7-a0ce-054a58246565,63,36254.26,113914.73,345517.29659177375
0214c8dc-f217-4958-b7e2-3146c92b10ae,66,77960.48,128773.71,196532.40839356705
c861cda9-c5c4-4c29-949c-ea449b6f5dbf,61,25672.81,45739.86,274314.37609660154
6bc6da60-e527-4608-88f4-b092f971aed9,61,26698.31,87756.77,165268.0156896597
acf2e7c7-fbd6-40d7-8785-5c3b9ff04075,67,57706.6,56736.36,160297.610536006
4b75050c-007d-48de-bf56-6e66785fe7ce,69,20984.13,89596.31,293762.552839129
ec7f3ce6-3026-4f2d-8271-cca006302199,68,85784.45,155237.27,286936.3571764763
0a509698-d4a0-41fd-9d4c-096a041f6869,69,92098.67,148574.4,207078.9595138397
08a9dde7-1de6-408c-87e8-eed84891cb92,67,47494.82,120863.79,410861.712434174
25c7fca0-74e7-4de8-9fef-92ec89eace88,67,41795.85,73128.89,163802.4769209488
b148e0a3-4a11-4a20-b790-40dbb748faf4,64,79180.45,21730.73,254621.47386621867
e020fc2e-2cc5-45fc-a3ad-5365e17b393d,61,92498.99,175413.81,254758.6295007688
09d751e8-81fd-4adb-a467-cac1d945431b,63,44324.48,163303.47,290380.5424206784
997c3d86-696d-46cd-a62d-e34d61ee303d,63,39138.67,93808.03,282262.1729272806
c17b8ddd-b742-4c75-ac59-8dd299328e8d,61,56258.73,172746.83,376262.3220223954
14409853-fee7-4351-bd05-816ac98ea134,68,96666.39,166869.84,459219.129788212
44aad3e7-8408-41ab-b2ed-c4135e6f1606,61,84957.89,80025.33,351638.64889387664
d6f85718-7a70-48a1-b8ca-2f65692b584c,70,49662.39,15060.57,169225.5976926188
3ab8e3f8-3ba4-4c41-9943-9a6a6d9ca121,60,82482.0,170456.44,256776.2907385653
0887053f-e011-409c-8d0e-3551006261c7,67,70706.7,109964.61,161124.3288839007
dcb7510a-96cc-4f1c-91ce-cf5f18a254d2,70,52476.21,33201.19,222787.7210057229
8b6d87b8-8808-4cd2-a946-1d0d3dec2c24,67,50835.57,89973.76,187745.2484904647
25353d63-e7f9-4323-9ab4-d39a149e51c3,63,93605.36,112406.28,344792.63223727886
e77b143e-a551-4849-aee4-338bad8fec5f,69,39332.26,167373.55,286064.59631951014
1025131e-9e60-4462-8cd9-b82c37df7f5f,64,88712.14,161354.25,280499.0327103285
8f1d14c0-1800-4f79-9002-5b76b250eeb9,66,70453.05,75625.16,326143.2681612279
749944b7-d130-45a5-b5d6-2d1e958bfd59,62,32473.75,72732.8,246106.52849320555
8c959934-0d0a-4bd4-a3ec-aac04f1936d9,61,51589.02,97976.17,278639.61867372564
e9db9a9f-652f-4daf-92a4-442f98b97218,61,56787.98,162639.33,259202.60164650745
4a844281-329a-4eb3-9b00-aa10578336a2,69,99773.05,176591.38,330555.6754748209
66a909d6-e067-48d6-bf08-e26482a2423f,61,26824.05,82465.54,210932.15710046372
6f29fb49-57dc-43b5-8ee0-8ec1928036a0,70,36987.42,182943.69,321415.7484330233
342f7136-512d-4393-b791-d774ddf08b2f,69,98651.96,145505.0,352324.2597465734
2a3ba22e-7dbb-4098-9939-c6c15d7072a3,65,67738.58,188139.12,304992.1741346733
0d40d986-028b-4447-9197-16f2bd95c7b8,66,89359.02,39605.77,183475.03974579365
4d9deb2c-514d-4e81-89ff-c1082a05ba95,63,55038.27,113530.13,214879.36702648085
0b2c4d2e-b9a2-45e5-a6d8-b84583f74d45,70,90083.68,122318.76,393675.7536920931
76333553-ba86-4f75-b7dc-29d4c8c1eba0,60,78092.63,162160.5,286951.5769449363
6f0b9fcd-74fb-44a6-98c1-c6d207c6c773,68,34447.18,69432.4,244717.32447856467
2fac2d65-ef47-4b26-8b77-302c21d08d14,63,59085.08,152256.03,331863.0788755395
1b152281-ea44-4803-9737-f937e72ee8cc,64,81523.27,116413.37,378158.54988322826
26913db9-5174-4175-9c5b-bc97772d6f94,61,80700.99,31128.08,295001.4761772297
a84eb482-747d-4189-9b24-b7d862662f77,67,59048.63,96728.8,167536.13154774683
c673fe4a-3c54-479e-9153-08e7e3e7dc9d,69,27083.47,48523.05,187589.1912048768
1fe99de4-7b70-47cd-8ecd-71f758a304f2,65,79195.11,124435.09,206158.6678118356
44c6a478-ef3f-4522-8e78-5f6606bae3ed,70,50351.9,170749.3,253398.40105855884
de4915a5-a807-4579-a8d2-da2018a10b7b,63,70959.89,93063.6,251149.90852030387
870d3918-d3b4-4dff-8ce8-97d67ee4c9a4,67,72102.22,64885.58,301439.8274553946
c2d36c08-ac2c-4a74-a9c0-515672e4801b,65,93898.78,151535.31,374725.8790480337
244956ee-3507-448b-836c-464c58254b46,70,75359.7,151715.09,231570.34790040564
acfdc597-28ec-48c7-8da9-cd7c6edfe21a,61,48105.83,77791.18,368632.86507346405
6a8fbd25-da92-4b16-8924-f4ffbbc55250,63,34423.19,136096.5,377899.52995931817
b285f092-691b-46fa-a3ae-1f872f9dbe02,62,75648.46,90134.79,266067.2552585729
4ba9f192-5727-4531-a337-f5e6c258bcef,69,84437.06,83972.93,257894.4824398641
a85d1673-fd35-4f4b-9d3a-e74a1f7e2339,67,61480.34,104703.45,259222.0460309721
67307df5-9905-468b-bf4e-52e6a7b503b5,60,28309.02,104896.33,366457.0164189217
bdd19810-51ef-489e-863a-466619ba3f35,66,31370.73,183376.79,346514.2664009031
178844d0-8160-475a-b157-16febe27430f,60,43592.82,48521.07,313389.78738787706
c6d4ffc8-2d3a-4696-b9fb-5a34c1c69c9a,69,55744.22,99711.04,158738.79421212937
12f7fad5-be2b-40a5-a633-ad37b879c07b,66,51963.64,69982.44,240806.79376768688
3199c50e-5a8d-4888-8aff-73cefbf3fd5f,67,70631.57,116413.55,225596.5705172675
05c9741b-7e33-49b4-a726-6d17799b3464,70,50836.32,31137.7,96787.12346410024
48ee7e94-3156-4916-86d1-ecd6882d6be7,61,77419.94,164039.9,346921.292794822
744a8908-4ee7-405e-852d-6e0f8b901d96,70,91983.0,182625.78,269266.125673988
af1fc3be-943d-4324-af64-87e2c2b98977,66,98348.51,174510.21,408598.1339281483
52140671-d444-4bd9-8136-2ceddc7400d4,60,63781.78,180381.92,343563.2241689681
08a29bdd-01ff-4953-b1c4-23679c560fef,62,57267.1,173992.73,404857.6072357599
c5284dc9-4a35-4bd1-b2f3-64abc6d12a7f,66,96634.66,88431.81,145890.2479286042
b85eff53-a522-4b62-a618-644137b258cb,62,73119.77,134713.37,427600.09336758027
899f3a00-75f4-48ac-adb8-f28a149a49b3,66,57711.06,192812.59,394215.82993168384
ba88e2a8-693c-4d12-bdd4-cb82cd9d91cc,62,26647.24,164771.83,331183.689506753
dc1a6952-f121-4efe-b2a4-034b9766bf49,67,23531.31,77952.14,344252.29400412535
5228350b-25a0-47f1-a49d-d661d8c83b7a,61,88742.7,132148.89,369280.7879055068
9ed2a8e7-7010-4ca8-b7ca-fdf7dc18da9d,61,86450.56,187677.13,475423.5625530087
c716477b-5a06-4007-80ec-978ffee21da2,64,39037.1,84342.16,142688.46379340085
c6e1b11a-efdb-4ac0-b195-cd0e78caabe7,62,90149.98,135644.05,189513.50140048703
c404330f-0c62-4505-8066-f5e6527d5542,65,39937.17,42585.35,97234.25039249628
c226c7c7-7400-4ac8-844b-f9548104be89,70,85306.29,115801.61,343515.228754184
01bc3113-60ea-4d9a-a87e-85d5431f6a81,69,93896.2,90852.48,186561.1387663812
b9c42445-668a-4f4c-be8a-38a56e35fa20,60,72947.01,23262.64,222197.27385564707
53499f0b-e095-410a-8ca5-a461301d678a,70,73963.73,185010.75,255040.93889871973
14eb7d5e-2525-434b-9d87-2a02c7dbfd63,63,50892.65,157063.27,247917.92628496487
c43ef574-a260-4b5b-bd3a-b3d4581a05d3,70,79933.93,145686.57,442778.21029222937
f65afa5b-0b09-4ee8-ad44-10fbe15f2fa4,62,29196.09,98229.46,301606.59675624943
2236d7b7-d6d8-4c9d-8993-5135d4d0de39,67,85275.65,19826.61,319617.9159037656
2485e04d-b34a-49c4-a75c-741f98df390a,69,92066.56,163462.25,269246.7894514807
e3cc8840-d78a-46c5-8f28-55d082f63262,67,50981.11,46418.09,163071.0235374797
4b6f66aa-b822-4ce4-9e2c-195a747e8767,70,60948.6,17368.64,297187.62467009336
ee061e02-19ae-457c-889a-d131111c77bf,68,40111.86,191390.37,402760.5529052893
3ef6876c-218e-418b-9980-84173c61a389,68,88485.21,151228.41,234684.7031832045
0b0ea1e6-8a51-4cf0-a2fa-373aaaafa405,69,20887.28,158737.23,333767.15454143786
a149e926-3f5b-4909-a871-e24617b3849c,70,55541.92,71951.74,160995.0668092984
42f2c988-dcdc-4fb0-b6bc-afc12455b704,69,44372.74,150574.5,313701.8119173708
14fc08e1-7621-4903-b7d5-12f5c040a193,67,38711.33,186963.79,461063.2504452957
66c69f25-3ca8-42ea-b175-83798bc3658e,67,28667.99,36238.25,91958.0243915526
5215fbd4-5494-4eb8-aff9-af9f5c275bf0,67,23616.07,127759.21,391876.2865842698
f3af2d5d-308f-4aca-86f7-6d5779c4a12e,63,65193.47,31404.03,211818.5086128992
d4a9eeeb-6ca8-4945-872d-7156dd1f132f,66,69819.29,165633.15,375486.812293362
30bd7660-b839-480c-8b9b-b07c398091d1,64,97562.17,155272.3,290131.1384564014
7b4fc7e2-fc37-4308-9f68-2c93d5062d04,69,64231.94,87373.48,267643.2566140891
0033600c-9f45-4aac-8aa2-b041aede38e7,64,20811.46,86979.55,342446.23725357355
2aeb5cf7-ddab-4751-a64f-985e85df25a4,61,75201.78,86584.57,345104.23846351355
51e2269d-43b7-41e6-982a-9de90104d110,66,20076.24,169486.34,351346.04857453395
8ad2499b-f0c9-44af-9fa4-5032968b157d,67,25780.32,33021.36,207586.89579313697
4b3a357c-28a8-49b7-8d26-aac6941b9bce,66,50232.13,78935.42,300821.0694490965
48cc7156-1c50-4dd2-9b90-4c569d5119e1,61,50368.9,143654.06,394162.0458749583
65806aa6-d3e9-40c3-a254-4b7605b8ca23,69,81552.44,107542.28,349081.1030832069
180a68b8-a979-47b4-8aae-5e7dac7c46f2,63,21480.22,102433.41,353475.2744666615
b0e19f8f-3ea7-42b8-9682-97570c5f98c8,62,25829.76,100508.07,361952.2656107391
35886b38-9cc6-4ea9-9998-e282f7078310,65,63811.83,84424.26,152047.20683867874
1d69661e-1bd3-44c7-87a3-17164416d3c0,68,68578.25,12284.24,238800.43340837225
967c5c1a-b73d-4380-a61c-24200944340d,66,66521.73,51967.23,144467.26436767395
39451c12-d223-4480-b48c-85bac3770a7a,69,27734.79,23726.31,246419.74479238404
848364be-f590-421c-824a-eb8896980311,66,67408.35,28994.76,223370.35856057072
d498e22e-e76d-4799-a16a-9d64eee5585e,67,27706.14,174543.43,250053.70976327785
eef8a98d-00a2-47c9-8a9d-0e6a08a60148,68,27817.72,115183.36,387985.1513355265
87acadaf-036a-4d71-89ca-657f3bf3e7a2,68,60480.93,93485.16,259654.5500221103
87c7eaf4-6fd8-468a-9097-78940c76d9d0,67,54924.51,100523.11,166661.0358340511
3a9b8ea5-3709-4a1c-8155-1be7d44a1d6c,63,65598.41,158155.51,350917.7329327249
1a803927-c763-4d13-b719-f71598933779,69,68999.13,18065.38,239669.66088746415
aaa27370-28d2-4db5-b7af-d6de19859758,65,93009.78,154597.79,233695.36716744665
321ef0a5-36aa-4de9-a107-099cf121b2f9,61,65839.16,16536.4,151257.68484407512
b6a6d7c1-5ed2-4905-a4a1-1a8390d1bcae,60,50406.56,12951.53,142822.19407639
7c98de9b-6d70-441e-999f-ecfb66051a11,69,73350.96,30756.73,208250.87010497611
efdd211d-74d6-42ef-9db8-f29d9ffa9cf6,66,53645.56,99551.8,374159.7749590999
9bf399e5-05dd-496d-acab-7c4b570ec429,61,38720.47,21769.36,257026.55373965675
efd21185-36a0-4cff-8b9d-9e6ba555c7ea,70,62459.34,51934.5,334409.6420940241
e893178d-1517-4c4d-9f17-bb9c1f6f3534,61,81578.75,142356.48,252643.24027511684
08d2584a-2805-43a2-a534-a764f9f5b166,65,32503.18,95661.4,194666.9916532858
fb728c17-83b5-4639-a960-bec32d7adb56,61,62571.18,151868.63,246258.97562054687
564c913d-52de-4c9b-90b9-461715d249f6,69,22371.75,111980.64,325545.7191515578
3ed11b48-fca0-4ed7-ab90-5de0b9116c61,62,51091.45,102578.75,217797.9605599792
eed707da-34cc-4c5d-b183-881325ff178f,69,54436.49,142908.29,328280.8700169013
a205f4bc-ab98-4884-8895-5e9a7a0f2361,61,48761.01,162480.65,248304.41341818412
78765f56-7e4e-4f63-b5e8-c289f47a6ccd,60,32948.64,111685.07,381246.255792174
2117ccc2-d7de-4a80-b54b-e84914963471,69,75018.12,161539.76,232577.4768640778
9b35861d-7b24-4738-98ad-53ed9ccc025b,61,57784.93,30857.24,156632.6216091279
57491ee5-0eca-4d4f-b880-b6b79da5b4a0,60,20852.52,139180.85,280194.53068768914
abbd7cba-6129-4bd8-8436-e7a263475b3f,65,84641.27,102566.51,226689.36959330863
7d0bd95e-46fa-4632-b22c-b59554a4801f,63,91525.31,141276.57,223283.06843203327
0c1b9ed5-ac72-4f09-ac22-584d9d3c731d,70,73399.04,173605.75,325239.23473150533
62d1a4e7-ec73-4392-8fae-afc39475cf23,67,23646.75,130958.53,345255.58716082224
24132297-2269-40d5-a171-225fe593515b,67,52714.55,78555.0,151282.99176824157
3834beb4-af51-4df6-b37f-983916b34fc5,60,49539.96,172815.84,394217.06081250345
10a8dcca-91f1-4b00-9519-d3e11fb0015f,66,22066.3,199246.1,428355.9461171169
89d76f59-829f-456a-b4a0-cf5f09117d4a,63,29465.55,190637.97,279942.1313433923
a0a1ce45-7a38-4267-84ee-21c67b696db6,63,88133.76,60962.94,289156.55945910607
c44a5d84-2083-4879-9fdf-854faa8a9808,60,42571.24,134722.44,264669.01492379006
6fe035b9-1e4e-4a7c-9166-75d110e5e8f3,66,47482.85,105010.68,230339.07048322045
b5610db7-dd0a-4961-a894-a041d1bee9fe,60,64455.48,155272.42,373117.43274177145
cca49aff-c167-431f-a09d-2228a853dc65,67,84412.77,123432.85,180166.17392926427
2b434843-c1a6-4b31-8291-24f8eac60d35,69,28432.83,119741.39,311648.7926447722
78f00500-3a65-49ee-9ca6-316fbbfea0f5,66,48131.26,197658.75,361798.6384215797
f6094d6a-93d5-40bd-a078-1baf5af11f97,66,93118.47,53140.07,339559.8185665281
93780a52-bf3c-4b15-8faa-ed1538d859ee,66,34760.48,37565.99,247899.22134701608
291004e2-2784-4bf2-bb28-31f0cfc77da2,61,82666.11,192934.35,308548.88895768457
b53eb842-4742-4384-9a70-01c9bcd8797a,61,29094.71,155617.36,451465.5680775811
50b9bc24-0c0f-4d39-ba4c-669f19e4772a,60,34453.63,131396.27,340888.77406005526
455888b6-c348-4cae-ad58-dc8fbfdf3828,67,85461.8,113338.53,314812.56233987666
2eec6b89-f16e-459c-ab6e-70b64bc23994,61,68556.55,44223.47,174054.09063162594
7c8d16e5-1a2a-4ac9-8c62-9dde1dcd6d7b,60,73506.47,87998.78,354758.9523753929
e2b86a67-3ca7-40de-9c0d-9bffc85d10ac,64,90188.37,43124.38,207993.76825073987
bcb6b48a-f06f-4ef4-85a9-ce5076feeb5c,63,43758.73,177053.42,316437.2974955868
e7a8f267-ac12-43bf-bddd-2a5172297180,64,53628.75,154051.23,399097.8829197681
88678af8-2bd4-4663-8291-21bd1c341417,67,29527.59,137084.71,433860.1037133472
4e986a88-7c4f-42ed-a351-696b0b1ce696,61,33552.83,62760.53,291310.1565978983
c25c6d22-a287-4f16-b172-4f8ce570863b,68,23188.64,159446.34,282817.6942925796
65c2afbf-612b-496e-b091-3f3a89a39d23,66,33582.02,45389.07,123718.8195048068
baab5982-7d5c-4a52-ac80-e1e1d0a05fb5,60,70678.81,32304.33,278656.44119731075
368a5699-5354-44e6-9f47-06044c220111,64,44010.14,178566.34,436285.414429168
11f70caf-b0e4-4033-8e12-00d2e4cde3e4,62,33386.11,99513.71,237873.7079939888
7a977544-48bd-4466-b144-d119a33b7b8b,69,58925.51,90606.2,242284.24009460444
686ccaa5-fd71-448c-8779-7f8ce9f8c7b1,60,45999.88,180981.71,312702.0947191876
5fad2bc2-390c-48dc-a4c0-41a72cd6d3eb,68,91994.5,49635.1,284563.3950458274
17f758f3-ec34-462c-b7a5-8bba4328d6a7,64,77625.66,197241.63,424234.4179369698
2f093ca4-6e5c-446b-a4c2-b2c7b43562c7,63,81909.07,42627.27,262542.93271272065
d4a2b897-9b37-44ab-87c3-1a0279612b6b,69,36086.29,147022.57,252463.23561434096
6a5dee3f-98c2-43d6-b164-a8d2282611e4,68,23955.12,63611.81,267470.69500853366
c97492da-be6c-497b-bbe2-f73ef51ef617,64,43956.46,153149.03,452062.1661730677
cdb8d204-96bb-4643-bb46-e56636bf841e,69,99348.98,19402.03,183287.76822311667
6c1a6e58-5e36-44bb-852c-0da85933959b,67,20417.03,101828.27,244576.3712621416
66e93709-cd8e-4286-85e2-5a3b235f0e5d,64,77363.16,181721.05,471890.1505991631
98841cb8-38eb-4343-9c33-f7b222d21c3b,66,39016.38,192552.1,344494.3612583602
ff3f542f-642d-4655-ab57-b82f2a90ff0d,68,73683.96,35344.87,134400.8567219117
7562effc-1702-4ea6-baf0-847924d9e714,62,21284.9,152376.05,294465.844660732
546baae3-5eb0-4e69-975a-2849a7531878,64,95191.88,110593.62,295792.4145986017
c99bf99e-2101-4c93-8882-2f672cf11b69,66,60139.75,57548.69,282494.18330666056
dffdec24-1b2c-476a-bb6b-229b868f9ca7,64,88064.49,73002.46,306251.1479515918
e5497b5a-5c47-430d-92c0-111a02d001bd,68,91782.05,164436.98,269815.0996717332
945859fb-ed82-44fe-b548-95272865eff2,61,41306.47,113480.3,359347.085659555
5abfbaec-5905-4be4-ad3a-bf68cab0502e,61,93507.3,84818.0,286195.84584209014
be2bc9cf-a849-4ebb-9e0f-31d2af9a9beb,64,85372.16,169701.23,222099.1596876497
7a68c709-1967-495c-aa00-3fedcc011e8b,67,41863.37,56531.91,109268.29749242176
846967cb-bedc-4fef-8f31-3ba752bd6406,62,88115.8,39915.81,185449.598396695
9573994d-d711-4a60-b097-c652e4c5429e,63,55365.96,172229.09,300646.98037702875
dda3a6b6-dda5-4080-8921-ab3d56ce838e,65,46504.08,40378.95,326074.9505905336
82a07180-f8a3-44b2-920f-b7b75ebe2052,66,67778.67,189097.22,285447.59675249027
19686284-88fe-48f7-b01b-eb8900817446,69,86558.73,147173.65,197611.1738814415
238b227b-5288-4409-934b-daa574031cda,65,86106.85,106089.96,157359.45444922653
99f8af32-b0cf-41c1-87f7-15f9c7102e9b,66,85566.24,107464.94,346752.1824414426
9c7acfec-b390-45e1-944c-64d37a8adb0e,62,83920.94,53881.35,280920.83073159604
71252dc3-8f14-424d-81fd-42c60893e09f,62,93117.83,60479.69,126682.34816521512
8609cb22-adc8-4c16-8ce4-1a08ff7a53e7,68,34956.19,192703.46,327373.6481502686
d1672a69-e8d6-4895-b736-9bd7cc8840dc,61,92354.06,88055.25,178251.10895476633
cc6f65fe-dcd3-43b8-85de-d8f7401be8dd,68,76383.84,193444.84,273977.1850885233
e427098f-0e4b-4ede-af92-d6ee310d9d2f,69,29928.54,13476.26,250025.49600987823
6f01e19d-e6e4-4796-a12c-3d17e5ffaf34,65,92900.73,142771.93,210511.6186271197
9009c889-8c9c-4857-9949-702ee5b892b5,62,70887.7,75943.86,164542.83071047987
5c6be4ee-11ce-4116-ac9b-9ce916b3db27,64,78585.45,178108.05,243284.53941924908
953f25c2-12e2-46c3-a2d5-91c0cb66127d,64,61709.59,176092.23,427274.0810662645
18554912-3a2f-4c42-91b7-d9494486b360,65,21714.86,169324.84,235013.53465388087
4c8a011f-3fbe-424e-a8a4-e6b5550324cc,66,23739.86,89222.93,191082.49262771968
8936c6ea-8d50-47c8-9a3d-55b53fb73301,70,83236.84,58229.37,165848.69392825404
a14b001e-7a10-4183-b57e-1f66a45b63a9,62,40998.17,120848.64,398705.1090923763
bd8fef2d-070d-4380-932c-c952a7be85fa,63,68128.94,165472.22,464174.6185084146
6ecb1b5f-c865-40fb-ba95-f1d76107f0b1,70,36932.09,93274.11,320068.2668351721
0ebc83ad-75b2-40de-b864-31fe2a9f5a7c,63,97107.93,169297.27,461956.7469166416
f90a89a1-5ffa-4991-9ecc-2fda7061e390,64,47419.44,197262.24,415070.3367226916
71ff5d2e-a838-45e1-9e23-043a1bab3c9b,65,69749.37,106609.21,285542.3315952892
16733f08-730e-4469-89c9-532f80c80a48,60,29923.03,78518.87,248840.91529196157
3edcc3a8-90bf-41af-aa4a-ae7c261fbd56,61,77874.9,147598.84,307219.60953017604
82349e84-1018-4fc3-8427-dce11c7df97b,67,70424.03,95539.02,252271.04629420277
75445e48-c8a6-41f9-9221-473a3d37de0a,61,27870.89,155409.4,226281.5474816125
1f89541c-279d-4435-aa4c-caa0ecfe3d1a,61,70095.25,185372.94,343643.26668232126
e39bf308-19c7-4528-9f3c-0e89b544e1be,66,23436.96,111342.87,316779.1635809204
88ece9f2-9afd-4e7d-b096-a620f9cd32e3,65,34250.77,139745.07,414769.10419649206
7a0df3ed-d4ea-4db4-8207-a09ad7eff9f4,65,31941.55,55016.18,150004.14513792636
298d5ecb-a7f9-4cde-9265-16e939e36fbf,64,67024.03,101043.5,365060.2700277397
4ba33c2a-db1b-4c3d-aff9-1492ebb047d3,67,54291.0,84365.62,194758.3207665452
5aaf9b7e-0779-4671-8e16-242ea634da1a,69,61161.19,107575.19,322314.0853308289
e6d65b48-2b85-4103-b899-06a02013c16f,67,43397.02,47081.67,141494.80149143585
a8652396-052c-4ac4-9b76-27a6427e59c5,68,34669.95,74945.78,197153.0324534652
02b8c793-e92a-430d-bf37-785c2914ac3f,64,84064.42,159658.88,289838.5983483752
0a68f0ff-1e27-4655-9131-731a726e68a0,61,98781.25,107849.55,313619.74620885163
7ab9d037-611a-4070-b73c-11aa8e8b9328,66,65577.62,47673.58,120971.68183286158
c5a08410-9fd4-4b67-b478-8b70e5f4fd58,65,49060.06,35785.26,174572.3036136639
fc0068fb-c5b2-4630-ac27-edd81ecfd4f1,64,65012.86,68779.21,152026.78548568307
d9f494a8-efcf-4d2a-8089-d03233a07a48,67,89740.54,69842.35,336330.1725545381
77899121-3ae2-4a36-ab68-a7f672bae1a3,60,59279.17,51143.28,101778.6600593462
407a793a-2afc-4c27-9fb1-0623167e5a70,70,37683.4,61850.2,284260.7320515563
5cd5426d-e4a4-4d64-8ae1-bfb7da35bb0f,67,90075.81,26352.38,152264.94726887476
41c640c2-2caa-4ace-ab39-c33f449fed83,64,45975.17,194743.36,348052.7695897521
b001a7e0-3941-4877-949d-cc2c6c7acfeb,67,60475.03,148379.25,209091.005224361
a6457402-a126-49f0-82f6-e82cd463bab9,60,63486.63,19800.25,213691.08326990547
1d69a272-a140-4958-a7ed-1991f936a00c,66,95570.24,192627.54,389312.3328740719
dc9a68ba-7637-4461-9fb9-2f35a97a9246,65,28033.86,179004.59,284010.7545196075
a1d48ff9-2e82-42d5-bbbb-8a51840e080f,70,97494.06,42233.23,112015.0873186498
8171f07f-ca83-41e8-af46-c1183abb0908,69,77388.13,86278.63,373929.2442419225
06dfc9ca-e574-422b-a6d2-d7c47a881cf7,63,24624.82,177786.14,267503.8465032469
060f76cd-7531-4782-b08e-6ecbaf2c515b,67,59685.46,121535.15,271097.14000676374
0195bc67-dc32-4b7e-96f2-a5a750a44f87,67,45205.03,86917.96,282119.7589785819
8675e81f-3d16-4db0-b31d-8b5a5d1409ec,68,75092.81,15165.32,175103.33129080798
f46dcc4f-e7ee-4891-a0e0-99818bde69ff,66,86335.75,159394.22,277133.4079236274
f18c2775-18a6-46a6-9fab-a04e3ee49cc3,63,36153.49,71052.58,303947.68444326986
289fe741-dbbf-4243-b0bd-5b4743928b8b,63,99408.1,31214.01,145777.43028601448
6a428f0a-5e82-4b3f-8d89-fe9bb636cfb7,61,26974.48,140657.61,290157.262403934
4e5cd360-9572-453c-8f8d-016ff54d565f,69,92849.69,52418.98,309765.35588798445
0a22cd39-9785-4e7a-a9f6-6618b2b466c6,69,88660.23,147337.4,378860.46798644937
da55f3ee-6a4d-49bb-ba57-24cd7452b4fe,63,62354.0,25428.34,252623.6261151664
c4ea6332-8e50-4531-a5f4-9cad366c6ddd,64,46281.01,85061.67,174607.62049810076
766b57eb-ed8e-4522-962e-e27aabc187f2,65,42453.42,122067.13,222442.8243256672
2e8e6150-d686-4738-aded-5d56cc2b399b,67,21462.86,135699.36,349665.7381254508
34772f75-4700-43a1-8635-1b3429d164f4,62,30590.26,72849.08,262603.0661269825
42dbef9a-4a2d-47ef-ae61-4f30d1f0b6f8,67,31966.92,73974.53,146666.40950606982
89ab0ad9-ed23-4196-9c7e-65f46f96bf0f,65,29562.36,130050.27,344550.4841115609
19bfb8e3-77f5-4334-b9ec-609202a9b5a2,62,85722.99,37736.7,150160.90936482223
e9b3a308-95af-42ae-a677-270a3b9195b1,63,93711.24,85988.55,317431.6449826903
c371422a-eb66-4a7c-8b6f-72ef721e09a0,62,38244.4,155943.51,436488.7253411465
19de3c80-af17-4aca-987d-906280172a73,66,24027.18,94098.88,163917.2555660568
d13abfd7-06ff-4a70-b9b7-568b6135e79b,70,66123.68,18239.89,201114.1732975345
0556a0cd-aadd-4dd7-8141-2346a492ea3c,62,43396.24,46040.37,264287.5667185799
f357d213-b20b-4d5a-8beb-08bf11ff5cd8,68,89660.59,12313.97,198401.62219983435
3a3235a4-0d5b-4e96-936f-3bafa6358b9c,61,98388.48,188967.26,277511.1031084423
2d9430f6-adb3-4914-9a44-f6347a50dd37,64,88105.25,54244.36,123669.38899563732
ac384ab1-394b-4ba3-9b1d-5e899abb2f7d,60,81965.53,25227.53,145062.6415442522
946128a5-b73e-4e07-a84a-5f48c0590c97,61,36090.82,139578.74,190210.306119613
0b0faad7-274c-4979-8a25-00497bc6f5ba,69,74052.3,92853.97,199236.93988234096
4634c26a-bd55-4334-a483-0b2dd15b1efa,65,66080.97,31144.5,279145.5696771821
1e74944c-17dd-4090-b941-5725879fa689,68,40624.45,89390.66,277960.8542315196
d436ff3d-5732-4064-9fc2-f11e0bfd2297,60,66048.55,33359.91,293153.860004829
1581e65f-1163-4938-8312-464d5aaf5fda,66,50167.74,21429.91,86345.02616275295
f1a2ab9c-1f33-4853-bdf2-f1ac664afbd2,67,60168.4,121101.3,292969.2586096252
ef4cdf0c-3305-46a8-824b-77c365928b7a,65,31196.24,169042.21,467174.9034976519
4c375551-b583-467f-a057-403acceccc7b,62,70393.01,16180.01,180715.71327046855
71cc4f37-4906-4868-86f8-41d9f4ab995a,67,21906.77,118612.13,174023.51312182014
0d875d0b-3197-438a-9aaa-74de69760c0f,69,38156.31,34654.33,157129.05348668364
f4187951-a194-4999-8ffc-ccfe2afba32f,64,36793.33,111943.87,319211.5724122977
ae8ab02e-1d92-420c-8292-37ee72775a4c,60,50448.5,157497.65,401898.7088463707
a6bc8274-94f3-4741-8272-9b092d6bf473,62,49223.16,118715.06,180054.1367396718
ed671419-86a8-4870-8d60-e689637a53ce,62,29942.81,33243.21,205459.76865049955
9d496cd3-3269-4378-8cb8-8245ee01cc0d,68,68070.51,179629.64,333672.85901866027
8db9a1a1-8b08-4ab1-b911-df26f12ef281,69,21374.0,99274.1,373230.4508617194
f9ec20c0-e08c-4f4c-882a-4b2a3a323295,61,63149.71,43696.43,146001.6963770108
bb846879-4627-453e-bde6-8665a4eac0e0,64,78173.42,187374.23,445685.470132184
47b19320-464a-4935-81be-39d7a7c0b829,67,92604.52,103469.02,237823.343278686
2b3b4506-f84a-4d7a-813f-71908a6a813a,67,31693.89,44541.26,302302.29595397867
3beea5de-561c-42ba-a8a4-44dfe6370b64,67,98849.36,128620.18,188327.76993160567
5f49d78e-8e0e-41d0-a391-20b1f0e64430,63,51244.67,97363.56,277703.0487290022
55cfb92b-1db2-4a5b-a61b-91efd89bad49,70,74763.29,46186.61,171505.6362070782
d569e79e-8353-4d2d-8ed4-fb44735d6738,64,50295.67,129797.09,399681.068257528
6ed365ac-3a82-4065-b4d9-2400093bd2b3,62,45899.62,21929.61,212491.29569276783
e165c247-7303-4551-8f34-15efc5a531ed,68,59919.12,70623.29,125720.95724051096
b1107708-a728-4373-bae6-d3014978b1e0,66,48469.81,68805.33,344966.4805392805
bf26c45e-7fb7-4618-9a84-4312ec025039,62,65481.8,62660.7,207926.2348037796
aa4108e7-9bef-4f6a-9d3c-6ce4d27976b5,61,75786.87,10330.57,226950.8404444797
be2a5b92-989b-419c-be1b-e6f7fa68324e,69,75401.4,49089.88,223556.24204224348
839a9dfc-9b85-46dc-bce4-c74967047cc2,70,35283.33,191341.74,281759.8798489319
8110af64-3080-445b-88a7-846a11366b2c,70,72861.88,185017.9,307701.8662337357
e49cf3e6-7e90-4934-9032-2c1dd5de17cd,60,76367.49,90744.23,311576.3481513421
b2d12dde-5684-40ee-8073-06f7c483e09d,66,98284.21,181035.5,350406.80493853346
f8efc4eb-6ebe-47c5-853a-46c794023fda,70,65409.91,177340.95,380161.15442016
d637a696-8e9a-4244-a513-456e22fac441,64,50511.75,156587.51,238465.06718001276
cff977b4-1874-4322-81b7-7392298a1912,63,58910.42,69636.86,152205.4120071171
77adaa64-4666-4e44-8932-4fee33d5e123,66,29018.16,67070.22,291561.963409516
31405a2b-74c6-4dd6-987e-ce0cc5737373,60,85160.03,126901.54,276400.6727765122
caaafc38-524d-40e9-a238-2784dc827419,69,24611.71,68639.95,188073.6024913729
c5682cc4-988b-4cb3-aba6-82ca7bb17812,70,66090.73,82698.85,240654.7170766412
23b6c17e-a863-41dd-94a3-cdb5be12e714,61,90625.87,73029.59,164388.4419893243
95a0b8b3-6463-4948-9530-73ce8f44e3dc,61,40844.35,51598.25,212488.63857139583
a783ec94-eb6d-4c06-8d89-8854e2f97f21,64,51381.8,169201.43,364413.42399429216
34201cd8-c7dc-42fa-9478-2c94b2672180,68,61616.87,133960.51,196955.69689531476
8e56419a-eb70-4065-8419-18cff983cfd3,63,47078.0,187109.66,386955.8377638256
6e4633c3-30b0-453c-9441-2e1dcf4719f1,61,24309.48,109491.04,210410.72036080968
b9144134-df96-484b-97d1-4cab6d53011a,64,45867.18,91068.97,321383.4970693105
766f854b-56a8-4705-9627-5982c53224d8,65,94789.45,187414.83,396778.0105975395
faf2d074-e307-4bee-8375-dd8be224e77b,61,56615.09,163790.06,297587.94850488513
e4512391-b4e4-412c-a35f-ae3d709d4305,68,63181.32,120770.22,289137.32439961017
63edb3dc-a666-4ff1-a5b9-41b362d80750,63,92935.0,55738.56,234693.52371897857
f3ba0a36-9db0-4857-bc08-54aefb6428b4,60,37801.93,12559.09,156380.86040499518
fad51afb-41db-4a02-8709-ca45eb1abc7b,64,61889.42,29279.73,115147.98174260932
96cb1245-531f-4b70-95ba-0a8621de6352,65,45725.9,190157.7,421372.9111710749
9e404b84-4117-45c0-a099-07be28c658b6,66,71078.71,137800.24,378542.93512291147
96b2ef81-833f-45ef-8a4d-6f49edac2554,66,46285.25,58030.64,139289.5024950871
daf17546-bba5-4965-9b06-27ffae5da49f,60,25850.66,72993.72,372068.4694586239
8493066d-6919-44f2-9477-c176bab68137,63,28745.37,64222.9,287731.71370222257
f6abe1c9-30a6-4db6-9901-a270696af7a5,62,47528.49,86315.18,171662.9265783237
54a62ec6-160b-4f2b-b578-3d8007a7add7,67,79487.61,40631.31,333566.4972820212
d6460fd2-7dd2-4bd4-991e-827d7a8d22b9,62,78622.41,127017.57,311736.37805037043
2f758a36-2392-4acf-83db-99822e0e4285,61,31654.68,85288.49,205900.0029241049
3e552885-e304-4ab7-8fb5-3d1bfd255861,64,94982.14,61234.81,185647.8303546035
d993bd9a-c3bc-44ec-8f23-8e0ad1bb75ad,64,34469.2,179779.44,423370.4858500034
350eb780-fb60-4bff-ba45-77c628dff21c,68,66807.93,53705.01,325562.7524951823
8c380768-8cfc-412a-ba57-3fc444b35045,66,24867.79,39523.15,315907.6456111689
ce7d8d50-1a79-4d02-98ce-37925306617c,66,96667.38,31872.51,137712.57561153406
0231a46e-8b5c-4512-9da0-655dac880873,70,91595.04,64568.97,174216.5450624663
9266f27d-d6c2-4cf9-a492-fcc126cc6ca9,63,52315.29,45540.32,121493.6993767768
298f2513-535d-4ec4-ae51-a83c21386592,63,27275.92,44629.94,148571.69110478525
c3662033-0469-488f-9551-1acba7548e98,62,63723.34,61469.34,325163.12705242576
5155629e-c1da-4b7d-9adb-8cda084acc3e,69,28334.33,11819.38,309061.88586028875
89f6cbe5-9ea5-432b-a089-615df46cddd4,67,97674.09,188047.18,328711.9284059656
511c1e74-177d-4bee-b23d-b9c7b32c4e4b,60,72138.7,30315.56,191654.70768439528
b9e3e3d7-aad0-49ec-a1b8-0967e221bb05,70,64348.89,46719.23,123880.5705813143
97c96d82-4976-47ee-a724-cadb38f9dfd8,69,96311.96,129468.87,383917.9837853414
d3a3c302-3b23-48a3-ba07-e69dbb3b5e63,64,51519.92,189456.6,373418.7924918829
f39abfbd-c940-4cad-b717-cb9b1a43dd8b,64,51693.79,36532.31,304891.7233774344
0b81b9f4-aa38-4767-96f0-20a64184e003,69,63193.9,172717.72,265186.1498616408
62fa1fa8-d6f6-4bc3-9f20-e00c20a50994,66,95256.77,60655.32,146799.14436045155
fcf819b2-f670-45fc-8299-422b2e6f3c0c,60,93691.93,110556.59,339829.88155828754
acbdfb74-0462-49c4-801b-ef87b3f1d9ac,68,54610.46,178032.52,426585.11104600976
aa564c7a-7147-42a1-aac8-dc0220e09ee6,63,69743.76,125809.37,258329.510835356
fb87f07f-4af9-48b1-a90f-61449a5a97c9,69,97838.16,122606.75,307302.006812276
d874dd9b-8349-4aa9-96c1-b2f5edc6ce41,69,84415.05,133965.03,359625.7521338832
021c8e7a-3a1b-4fc5-b25f-e73dc44a5db5,63,83972.94,139992.82,282933.8320738904
a9fcbff0-3f92-41ce-b885-4733335b6c18,67,39581.69,124089.81,333456.4478844906
e3e1706a-03c0-4452-a623-6fd9ce1984f0,65,88809.34,61800.47,345001.0118513346
ab6fa0b4-7e16-48c9-8d75-52138bb4dd94,65,94262.31,81935.53,296635.5301505028
211cdc9d-52c6-499f-a79c-444df98d9123,60,28153.87,21029.64,96041.87536867589
7918333a-a613-45eb-bb08-80a97eb952c9,67,92747.19,16996.67,84635.44563986831
a081c60b-a9b0-4f4c-8657-44fe7f7e6684,69,73607.31,198605.01,347626.19252090005
ec264f7c-5678-4b2f-8a9e-1de0d336c420,65,79357.49,101186.92,267577.1514049841
bede077a-7a7a-4cfc-9bb0-3034c1c61b1d,70,74272.26,73220.56,366695.7207693522
f44a8bc2-00de-4f77-a024-a4841bdb5c24,67,31241.74,164791.11,426389.3563556841
c74c7df0-4f98-4bc0-be72-f2b166733bc3,68,63747.71,47293.09,111435.16393413056
2a919f7d-0b04-4342-982d-8cf0e467dd24,62,94095.07,22560.66,245868.1269557466
4564c159-9442-468f-bcb5-db9684af9676,63,42693.8,157527.32,306709.5878752987
5abbf561-d9d2-4870-b3cf-58262ad67642,66,49373.16,70127.01,194321.92901414627
6044a03b-7b99-41d9-b4b8-f1074aa954d2,67,40348.35,161012.91,256279.46680736216
87caba79-f9cf-4023-b154-6ecc8e7804d8,65,33051.69,172899.37,269097.7030378625
8e2d7354-45c4-4eb2-951d-8210a9fa6680,63,21826.19,136551.38,396133.5041419631
2ccf1fd1-aa22-4ceb-9727-e43f8605cfe4,65,66163.77,45167.4,122139.21722236575
1ffb0fa8-d5a9-43ff-84ef-4edfa22f8be1,68,38173.15,93967.48,219526.01438434963
a945dddd-f6cc-428d-923b-464a32745816,65,88663.01,159364.21,377675.3170976458
d5176c86-024e-4fc0-8bf8-d4d27d09aaac,60,66176.64,73511.28,271162.4020350623
41454095-e886-45a2-837c-2060d21d657d,67,95568.04,27354.99,112180.32039709848
88170de3-d2ec-4b6d-a330-3aa1e051d98b,65,60799.9,41915.76,201589.0878111231
3bc7eb66-6aa0-4b2a-9c42-6261b8a7b3cf,63,55852.59,116039.5,282012.4810476962
9212e346-7967-405a-bd91-042d9bb62bab,63,35106.29,103439.48,358691.9578420876
5ab21b34-57c3-4521-ab0a-2c69334ce8ea,62,91610.51,35079.43,311485.0143392641
03858fbf-215c-4ed1-a1bd-7ce248bd4e4c,67,80806.39,31649.4,111862.23343989185
a2ae7df9-691a-42e1-ae12-3d66693e6572,60,32766.55,38323.32,316022.9721081522
00a4ff03-9d7d-4a74-8966-e186fb3414dc,64,28129.18,61083.05,287643.414396948
9ed1340e-065e-44ea-b95f-2beb7f650ab9,64,52711.54,114624.2,382274.1975139701
37b97a3e-2ec8-4f72-bbec-0d6a9f634bd1,66,78150.39,128916.31,220889.62893886943
6f4c91a9-827b-4b31-8268-9f57f53ed186,67,37634.06,33746.46,91316.71461799704
eb8b8eb2-8993-4d6c-8ba0-1f4b8884057c,70,97017.49,85466.71,176217.21840365627
c5b8579a-ceb7-4dd2-b9cd-ef35423c7b71,60,44632.85,126051.89,279769.80088776816
f609d315-a313-4a31-acf9-06fe0cb883d6,60,27801.28,152558.17,351047.17777157284
9fcfe2ca-72f1-474a-a45c-a98f2c3f9943,62,77807.45,53737.42,150929.13264632854
b215d841-010a-41e5-86c0-8f4b0ab93eb1,60,72186.27,13967.42,201946.88490129728
6a55e9f3-309e-4186-8c07-995967bf4d3b,65,74936.64,162443.24,223872.4444832477
86b11331-7acf-458f-af9b-b4e2588ec212,62,91982.36,101597.83,356177.6136140804
bb2bcf9c-32cc-48f4-a8ca-de78aa21c93c,67,27306.06,14042.44,185348.6466906792
755c2516-a483-46bd-8769-9229a322be24,67,46382.85,86357.19,330024.6503174974
1bfec4f7-52a0-446b-b384-5d0103877ef6,60,36183.39,153957.55,204815.456879212
dd942696-bfc8-446b-9063-3fc711440708,64,87948.69,162703.71,376577.1039285715
3d1a1358-bc4f-4fe6-b3aa-22a6cb2e157b,61,39817.36,157478.2,264497.1028553074
c9dda1b7-45fa-49c3-9ab1-041c96e2e97f,64,51395.27,177825.27,297182.7675601281
a43febb4-0319-4683-882b-605e444d8a1c,62,64565.45,70804.21,157462.0971767014
59cd2451-0f35-42e8-a8cf-12f743881683,67,48526.77,146944.89,420350.29712353
ed7694af-07a0-4deb-96e4-7401bf40cc8c,68,40096.26,177565.29,419721.9569817906
ab186041-4199-4bfe-b74c-2fa6f8e08546,70,55091.23,38749.46,185656.40374974764
6ca56566-2245-438f-b8c9-ef0f7719c181,70,60977.42,191169.78,483285.6985078952
965fe88b-ed65-4fe5-93aa-a71b6508f8dc,66,43441.58,132264.31,357074.70862605097
d75b29be-8de6-4d07-9b4b-942b3eb0059f,63,96189.23,191414.58,315723.95035205776
545e66c1-6b85-40c7-b05e-d379b08de4a7,68,95450.57,149541.96,285776.08473531995
aa14d214-2961-4e80-b6f2-f7706d7d6940,66,29712.97,72132.77,302252.0920385259
9eb35b88-bc5c-4a56-9e93-75fe92dc7e93,61,97701.82,97840.17,238412.5337991307
45a365da-b67a-4e09-a56c-51f76481d800,65,26425.59,184508.59,406328.2432026104
10abc9ba-397a-4e6e-a15c-d5d091e1a295,64,63866.43,125287.36,242250.74472960585
6b16e446-9cbb-414f-b2ce-2675a560a533,69,32678.57,195810.32,393505.3228625561
2e6ceed6-15b9-4755-990f-0038a729f651,63,89231.86,171060.83,249193.4826264216
a86c8bf0-84dc-4d5d-b537-b03427b2dbe5,70,30488.02,29652.95,328312.60852757114
2c170432-5cb7-4556-b0ec-2b3492d6a5c4,66,50575.39,160393.63,359224.7220087073
37c3f16d-709f-4976-aa60-f811d92a8820,66,23668.66,99128.54,204778.01775691475
9fb05b34-fa0b-4f5d-9262-48571e9887d1,64,42607.65,18464.28,98292.37381464674
ba38accb-fd48-4b95-b8b5-9d5602722c9a,70,97634.43,113508.56,235911.3663277622
997e0a98-228c-4ce9-b877-0cf253b028be,64,40592.07,125263.66,360216.7917502855
3f3643c1-e2b4-474a-a1cf-33d7d2ac2ab9,60,65273.47,29446.0,247278.26051338023
9c929ac9-7fe8-4ac2-b029-bea39fc971a7,65,34223.79,43971.17,162142.62380876578
5ec12d71-e942-49eb-81f8-8fcc0f677ccc,66,83420.88,189285.12,240707.9001223456
d5d0b268-24c8-43b4-ab17-4cbd3087ca5e,61,38920.04,56591.18,331974.92089802626
9a0f26ed-13ac-4c77-bab4-1a73fe537898,68,88584.72,125800.02,276327.3362867773
086ef142-0cf7-4191-aa32-866453e17831,69,34086.58,127002.83,362823.9761656305
668c0ce0-190d-4915-b46c-b2b565e108ab,64,74650.98,47308.78,267012.85813934635
2165478a-4825-4245-8c39-122b6fba877d,63,68604.02,69056.43,262846.0516304922
29210586-008e-4353-aa6e-0aebf2bacc25,64,47789.99,169984.94,442796.49174419866
a4717101-0b08-4fcf-9fe6-ea01b9a6f35d,60,28577.38,131261.32,350125.59760682296
7141b8e1-0d56-4888-8ff2-c6cafddfeef5,67,99064.51,121281.59,177385.57808273
b665b9f3-abe8-47cb-87b2-34467955cd1c,64,43909.94,168592.82,397081.7363430984
74581e38-756b-431e-926f-a4d3012b6c11,69,38312.72,32352.56,205029.674743934
71b330cd-ff0f-4486-8a96-cdbbc0158dcb,68,51169.23,91231.09,203864.39380443955
09bb59da-7160-4729-8996-f76cc7fe88bd,65,78305.01,61098.98,206469.12126609383
066adcc0-b4d8-4a56-b9ca-695665aaaef5,67,45769.2,67819.99,170227.165687098
e3203c4a-689d-4800-ab6f-1016368932eb,66,27595.37,147188.88,361551.4230199057
42251e0c-2fdc-4c13-b638-d01f91c80b86,60,30510.43,121245.78,261681.40211414863
f8d6169a-8d9d-46cd-9df1-2928d3c05dbe,69,69140.5,24710.06,257734.88688268352
c26f8f44-9412-47fa-993b-1331e9d48ddd,65,64701.51,88554.06,282556.0899733959
b0a0357b-2f15-4793-bda0-587da9381ee2,67,39205.17,123914.65,286636.1099936868
9cd5b5c1-9ceb-4bbf-b4dc-be9dae9be61a,68,22263.14,155367.91,450416.2955386447
263711aa-7b50-4ec7-aeb6-a47d278e2492,69,47365.86,53623.62,194213.6730582273
151ea92c-c1dc-4e26-ab54-a6c7b9f6eb66,64,49277.52,93462.02,263874.69775734947
4ae3549d-f7ac-4bd1-8953-7bf3e6215d15,69,83776.48,132235.96,376419.91134228185
e3344753-1d27-4f3d-a42d-fd893f04f3a8,61,25551.35,165567.74,300880.8565173013
66b44891-72b8-4f20-b0bb-c01801c4999a,66,50757.11,17666.04,136483.07652292418
f6a1f08e-3140-4454-9d32-757215eb262f,64,49944.61,137733.67,314171.6785139661
2ecc0455-0350-4569-85ad-ad64d06ca4ae,64,25983.91,119404.51,252058.9793367848
c6975338-1eba-48d1-b372-615ec001ce26,68,42999.12,50263.44,303491.53781141125
6c29b26f-4aa1-4909-acaa-2f93cff1c465,65,25833.32,87629.3,160872.4455011504
ef39d827-1965-47bc-ac64-635b4368b8d7,66,32460.64,78989.18,293011.76922164904
b10ed258-0917-46f4-b052-93454e4eb91f,63,35004.81,144342.65,255216.62884912995
026d3a2d-096c-4a3a-84e8-ac2d420c1e12,70,38949.85,190110.54,245307.28775914785
864a634c-5d3c-4e7a-8ec7-b77a628e4cb8,68,32101.19,21981.01,221348.27756666316
156cea4f-8789-44fc-9177-31795314ba8d,63,24782.0,146408.99,281898.7587318392
09255c99-4976-4f0c-8f89-cb54cf7ed2c0,70,67399.15,50160.99,132886.88114166056
d68476c9-f7e7-44c4-94bc-882385cc542d,60,36682.73,176756.91,452380.8316678988
ab2acc07-1f5a-4079-beed-28a54c283632,70,66521.32,126454.63,196693.48431156672
48bc79d7-f8ae-46e5-bf58-67d9a4b27ed4,63,74038.53,145982.71,357708.61578756425
db8940f7-7c86-4135-a339-81f180260ec4,64,94328.96,94264.6,228476.19253665945
aa657d8c-b1ed-492e-9591-b452669fe1cf,62,42198.95,38960.72,133501.89985596956
5aa8f97e-d96c-4032-a52a-48775569e4ab,64,85729.8,186944.06,454234.17697738094
6b7835a1-3c67-49e0-9b8d-7be1b7071178,61,45349.09,119749.25,377677.9412745292
7b814d90-bbe0-4cb4-88a1-5570dc5534ec,65,61272.07,69425.25,200787.18766054508
c842febe-81f7-4ea7-abc4-05cd3f699261,68,80810.25,41120.04,142394.46783368554
29b9e7c6-771c-4d25-8e92-5a04e5f1d245,66,40292.95,121894.56,290027.8831258792
3b9e318e-10df-4ecc-8edc-74609c572ac9,63,21387.16,57252.99,272507.2245989474
f251a27a-ed26-4b94-b16f-6d64fbf4b6f3,62,67098.87,89958.08,205351.9172834311
dc317d9c-ce68-4307-8322-403c1d189d75,66,51446.73,105629.0,271869.8483975732
4457df17-703e-4bbb-82e2-cc18ab128254,64,42862.66,132671.02,272305.39656226133
6b1f6944-d445-4f81-9889-e26312e35488,66,33727.66,84291.31,141906.37011735333
88c82604-cb5e-427f-b87d-b27ed3d6f801,68,91281.22,119064.64,305382.8172117566
3b59f122-d36c-44c3-be3c-d64a3290dc67,70,20419.21,175599.32,403594.8790144767
50aa7feb-46ae-407c-ad19-821719c21be5,67,38664.81,34251.24,314700.0534959176
a481c17d-7045-47a8-a889-e9d18b23a7c9,70,86907.74,160917.4,358935.9033930284
ede9d743-9b00-4050-86b5-d6a1b0be25ce,70,73083.13,175666.17,417814.4376591834
eaed1ca3-3e21-4f95-8110-2cd5dacb5925,67,31227.62,43920.72,147038.94353806373
6e2d87af-2432-4ff1-bc2c-97356f8269cd,63,92748.45,115035.24,313451.1078735588
5abbc996-02a8-473d-a304-3b05a736e2b1,69,68801.08,179109.02,411988.7647491095
4369486c-3d7b-41a8-8f9c-9e6231f16516,65,91576.01,171910.09,260887.4648857576
29e0787e-3d71-4022-a5f0-de303316b434,67,62722.81,113060.45,336455.37690959155
7ac23b1e-5118-40bd-a7ec-a0af1fcf67dc,60,91128.48,24790.6,100575.06223688244
38bcfddb-e58c-4156-975a-605db1fd5cfc,66,67225.93,32265.5,189936.06418728648
028ef0be-3b2f-4f47-8ed3-d2efe3abec8e,66,22221.84,41051.19,140035.6449898015
dd40232c-36d7-43c9-ad5f-e6324a147cac,60,48837.46,149962.08,229816.2398002319
146b43c7-fdfe-428a-9a4b-3e807a64e0c5,61,64852.14,96956.14,162925.02249968465
27d020d1-271f-4d6f-883d-84c1bfff4800,61,51511.51,107996.87,349459.0717661649
5db35b81-fb20-437c-a8b5-a6331b039925,69,87621.41,16101.74,67835.22417685593
6dc33844-fc3a-4b89-ba31-6e2126adb7e6,66,66734.24,144582.73,373108.5013013388
3cd3bfb5-316a-4d19-95de-daf74733edc3,67,39991.88,100141.16,350609.4993754181
87f2b516-6e91-4534-8bfb-65722a959c55,62,75769.63,28815.37,197647.5820749232
b738501e-562e-472d-ba26-038e16c6c739,62,99769.2,109359.49,291629.1134771546
6e15bd37-8179-4029-a3f2-66abca96fc70,69,62557.85,52454.89,195123.8709299091
1a443cf5-05db-4259-8be8-67f756e1d600,60,95306.19,49480.39,152635.19897291373
3e700963-9828-4edb-bedd-7b89d645020e,63,65314.81,77044.01,184206.85901664253
6a8bcd03-f785-4d65-a5ff-e1ff8eaefc5a,62,99006.51,170538.67,340987.56415418256
3ac455a5-3f20-4be7-8825-bee59ca9c7a5,66,26306.86,72417.9,160649.0105551989
c31dbd84-449a-463b-be3e-1c26f56fffe1,66,56119.74,124971.98,303098.2074014483
560f3b5e-6b6c-4a25-9512-ee992b0a8526,65,36891.22,158244.16,431159.9712878725
85350c70-df48-432b-b6e9-73c8786327d5,60,36472.22,193114.95,423977.6725720526
3b6d4590-ae58-4d45-8135-924effb5d2e7,62,28430.97,78605.63,247761.66146068287
826d1d7a-15fb-430f-bb9a-fcaf113585d0,69,46943.34,118843.87,187918.1607404325
6797b83a-3706-4af9-afee-3d84b6c21fdd,65,60654.81,59001.98,248564.1603052276
9d771aa5-82a8-4396-bb50-691c026f2473,70,99942.01,175971.98,307853.22330690024
70a1b190-dc95-453e-88f2-0499f881ba88,63,54133.95,60451.3,316700.95217993786
6b9c2012-44f2-43d3-bfea-042cda4895c6,68,24614.75,63790.53,119923.85754528834
30402f10-7ed5-47ef-9775-f5f7410732f3,68,32681.97,104840.66,319667.3715134012
f9d2ab55-1366-43ad-b6bd-89652048e655,65,58910.48,95599.55,189364.81748639653
11815c0d-04fa-48aa-92f6-6ce37de4f5d4,61,44013.77,61903.07,129802.1428501724
3be74001-95c9-4a67-a6ca-79bfc5b32bfa,68,88917.95,78849.96,314115.95575840457
3c2fe929-c7c8-4b53-9c8b-13da2c30c27d,61,93979.34,137783.12,197288.64275822305
af26a6f4-0ff3-4ffa-9bdd-4f7142fe4aa4,68,90054.74,65909.47,218540.338546921
e2cbc11b-99b5-4c4b-a6fb-65a6fffe6b13,60,92677.53,28949.4,88202.57513880622
a84ba599-2219-4108-b222-82af260e931a,69,60999.34,188186.77,447798.7443448488
6ccc67c9-05cd-4470-b540-5129a4a12c63,62,27675.88,169261.09,371886.7793880424
f77eb7c0-50f9-47d4-b3d9-0e147c6e1489,60,73233.48,44552.58,134605.26224098407
80e2fda2-d99d-4fb3-a8f6-692213c537bb,61,39965.79,89764.48,140851.6743205618
80e2bfcf-56a9-42d5-97e7-13944aa18cbf,69,59789.23,107436.34,184112.4179750121
e643abd1-d4e6-42bf-891d-7a6d5e87f14e,64,89635.51,119634.1,259732.50135817585
51b4a2da-9186-4cee-ac10-f67a17012077,65,57180.55,68642.68,213299.02275421715
5387357b-e89a-4936-bd19-f35e88dd8c2e,66,40682.88,198881.81,284630.99936399225
0a59cddb-03d6-44fd-934d-1c0522e42bf1,67,84030.98,58971.25,241992.95281475811
a819c9d6-2b5e-4abc-935d-26c1912130b8,64,79014.27,101438.06,375669.175554153
8da2156a-1402-416d-ba6e-f31e7dcd5dec,67,33993.04,124128.47,298606.94211272465
d5464aef-af65-46cd-8fd0-d892c0e80e48,64,24327.13,16820.48,271683.580840472
f8e8e4b9-4384-49e0-9021-c35dd1a84c70,69,63807.08,191334.36,321730.7464551525
a5bbbb4b-7fb3-43bb-95a4-c01d45c5f203,61,32842.01,122294.25,240921.58307434575
51605c8c-4289-4aa3-a925-816ce6899716,67,94934.13,91045.97,325739.9355151099
6d034f0c-6464-4945-b3d1-7d18fe864ff9,60,58241.0,19614.29,91322.4315885411
9dfa10ee-3055-4b20-9568-e823f3b5b46e,70,77193.73,95485.28,185480.98068574528
001b811a-b2ec-4b6b-96e4-e1c7bfd86c27,60,73677.72,30022.66,185969.36667224395
bbfc3731-7781-4752-a93f-413d921e69cf,60,75402.6,138709.69,361044.2174368912
2c9a2527-4da4-4c3c-9931-aec3203cac93,69,99345.71,110642.72,204153.5693350468
a0e3f637-e213-44e9-82a2-adeb0a398aed,62,67833.03,27918.22,221155.4549807317
353d9265-36ab-4f65-ad8c-911fb537d6a2,68,99819.4,162411.97,301205.5561979739
077fceef-2f14-482c-8cea-2db1c0a8eb16,67,32896.02,22738.0,253228.13207678532
ea9edd9c-6f7c-432c-9f95-b254013c77bd,61,72302.86,121401.41,411415.35081775393
524f0058-ff2e-4d4a-87ce-b29f71c5c64d,65,87574.45,120101.71,363695.5536529161
cded2d69-6483-4ac0-8bca-870a8ba87d37,64,43308.49,19077.31,86197.31523375645
a8191ccf-2f96-4fb0-887e-ceb32034c4e4,62,29129.96,12002.2,296112.2443692579
82228061-9cd9-4b83-81d2-ee8d12c2ace6,66,50050.17,80444.22,280389.6854637574
d47ef9cf-2bc3-410a-8e70-731629bda24d,60,94304.3,28743.38,146551.1975653808
97b084ee-827d-4ca7-bd0b-628e99fdacd1,62,35412.73,179810.37,366160.3215221129
0bb55ffb-acfc-4928-af05-64214229171c,61,51058.59,18073.4,291672.8055123597
bc7dbab8-34d4-4c2a-95a9-0c3316ca5930,69,75914.78,27182.32,216108.1672591814
01c2621c-8a14-4cc9-9aff-bb9aabb4df0a,65,71981.08,128184.0,389040.4399244001
562d62d9-da51-4338-bd14-57e3fd0a7c23,64,57150.56,107523.54,181336.12429444588
a2f12cc6-728e-4f16-b1ef-39e1feb76f17,66,95416.94,19301.34,128898.15889389408
76a82467-8ef4-4038-bd7e-0de8fa3eec3b,64,20648.91,56415.78,286673.3951320877
d9e2184c-05e9-4ff6-8018-960c937fbbfb,70,50647.03,163971.0,394880.2591021543
d92c67f9-9b7d-428d-8929-b3e27f5cbb3d,64,21604.11,39221.59,120162.1801078794
54902275-cdd4-43cc-934e-a39b3ca1bf35,70,52632.93,91672.38,186412.66883321016
0a96e890-e25a-486d-9b16-94665de0ffe3,68,25040.53,53365.19,227575.3390987636
5215290e-b8fc-4854-ae9c-c01de5905bad,62,80147.7,45224.37,162072.98292620448
03c29525-e585-4cb0-b7a1-4a1df7b00121,68,25417.15,135018.07,231096.37844872643
45bb905d-4124-410e-847b-3e2da51b6b20,65,76586.34,194719.87,477215.28357194026
1edebb4d-ff52-4e0e-a14c-b4f4e1d77aa4,61,94818.09,160495.0,250277.6807845083
c29fb279-b7fa-4637-ae73-965ba0488b5e,67,76169.82,87536.76,353921.76835594187
ce211977-d19f-41c9-a100-2a74532179d4,63,43999.59,82353.19,279054.8903578183
b7253f88-6ff1-4ae6-b96b-c3370d3c5233,60,64385.63,27417.12,288221.2073559851
7925672e-d50c-4bbc-b7b1-7ec3ac6616c9,63,34845.79,169410.95,311374.2044548673
56749220-88b1-4ed9-92c2-6d110ecbe922,70,88822.73,59333.24,272676.5322286875
7f0d41d0-ed95-4c3d-aab6-301246e5832e,61,22563.93,99731.84,188931.6045775115
57361d9e-0a19-4460-9c3a-a1127171c4dc,65,50064.18,179137.5,382212.9615367003
74b2c155-b035-4522-9a17-af59fc6cf2e7,67,42243.72,136466.28,234004.85207572937
dad44982-4134-4e5d-97ad-71f60401141f,69,95363.83,60581.51,292062.55355559685
124936a2-cb3f-420f-81e8-f55580d43c95,67,39206.7,35883.01,206059.16530715785
44006fff-36c4-4fd6-8ff2-601dd2cfd179,64,67981.87,35844.9,303049.98972813645
68515c74-ec86-4092-953e-52b83ecefff4,61,52961.01,90037.56,167895.07619183033
8ac37b5a-f074-47e0-9bb5-fe44ada96f94,69,65635.89,169683.15,424596.97551172174
891201ba-4f6e-48a2-a1af-8db4182efb6e,64,99989.67,22398.79,161491.19735790623
909358d8-6c63-4508-b26f-d43e53ac2b75,70,38894.51,43965.82,212381.71424751577
b7a0c54a-dadc-48cd-b70e-9ecd6bcd13e9,67,89950.86,19120.32,80434.57178563059
b472ed9d-89a3-450a-8962-9138dd070a08,68,58286.32,17215.82,106671.114833636
ee1d1594-5195-41cb-b829-545893da4bec,67,49604.92,62041.62,230111.10330759312
c79a98b5-fbc4-4841-87a7-7489db65d62f,60,58894.66,182293.64,260381.65851652063
d66c9bb4-b338-4c7a-98e6-972ab800f116,61,39712.96,43540.13,123368.0424650714
72dcd515-f866-44eb-bc1e-b1b6d0852cc6,67,71618.13,125834.55,313257.0187682753
e6a34f8c-3168-41bb-b2de-76b4b846d44f,65,48822.43,64247.19,248375.20462048423
a8f6d5c5-81a0-48fc-9d17-337dc65e613d,68,85668.81,14606.6,299955.3610262948
99587b17-2185-40d3-a410-155f21c1e29c,60,54206.94,163978.58,315508.8261538049
5d5b0b73-8bab-4802-9cd4-bac40528c3a4,65,90325.94,192659.12,288224.1303205273
24dfe92f-f4ea-4b0b-85b3-c75c8ac6b9bf,62,34848.48,22422.46,240719.2797812896
6bb9f907-0e49-4689-be0d-057c6c34f442,66,83762.75,141509.33,382107.9707773363
969ba61e-b5d0-408b-b31c-679ad6d8f4ab,70,29965.58,167898.86,365050.7671420976
6b2879b6-79ad-4fea-9d82-046d7970e116,63,22157.36,82573.46,301023.7737147241
081d3017-97fb-47c1-84a1-e45a2dc5dc1a,66,70576.74,12006.59,214527.6305534096
0d9288e3-06af-4082-883e-edc54e65ead8,66,77531.06,21114.47,233360.6874965826
8315cb4d-208c-497e-84c9-9d46c73bb214,62,31227.08,38893.7,237831.3632347956
a220287e-a2fe-4261-a96f-6c6d79830835,67,41783.91,98492.74,329679.4545240114
1eb6d37b-d5be-412a-8612-68d12557f37d,61,64584.85,138610.64,281124.5649329354
72d546b0-e053-40d7-99d4-9994ef7c72ab,60,86384.59,21511.08,146080.9021693631
bf05e03f-fa35-426f-9b30-eb471397917b,63,52404.15,161932.38,266078.0978257141
b3c94d13-c740-4d17-a521-6f1fe99a3d8d,62,83716.69,175550.15,370218.3975413109
56d6b99a-fec6-46fc-81df-e10e4b3c5794,62,73857.95,53629.66,208449.8705009483
00353fd6-88c2-424e-b328-daf813ca4a6d,67,75607.37,89997.58,232785.90007084195
e1156862-3c98-42c5-b25d-a6d10efb9f94,61,28726.89,35233.29,279752.50989094353
06b55fd0-af40-491b-89a4-e967a8b65b33,66,38807.23,57927.2,263665.3406135242
e0932b30-c7cb-4c68-a780-dbbc7459716f,70,38066.87,187367.38,339170.15494895366
5e879192-f41d-41c0-b03a-e96cd180ee79,61,26367.91,145137.24,368743.87013842096
fa7c9906-b890-4ab8-908f-47ec11269832,64,87353.77,129865.62,257701.42916681783
c51d4bd0-b9e3-4625-a97c-b66b2e2bd931,62,97375.06,131528.65,358071.50405740103
27a11450-b984-4912-882a-b0f130a6ebc6,70,62524.63,99734.25,383502.2845606182
c60f2ac0-790e-49da-b7a1-6f7e5ee7540b,62,48620.9,39659.72,336481.7021091833
327a13b8-49a2-4213-8958-e99d952ba0db,62,47547.58,199295.62,316039.664098162
5157fbf5-1023-4a22-9d69-c48461cd8f3b,62,49475.0,87960.83,172051.14259502583
0debcb9f-8192-4eb8-b485-cc0f2f915ffa,61,93056.9,118933.83,234044.9574299363
33dabacf-fcec-4007-91e7-d155c6531e5a,65,66900.85,93977.9,321116.9664787069
c9979e5f-389e-4140-8372-e289c5762d9a,65,60864.97,136329.23,396092.4162005582
ead4578a-b550-45d4-9f31-d0952c64471d,61,62201.45,142107.78,425306.2992112178
6449e6b3-12a2-4443-9c46-749afbdb1ebc,60,62775.42,101789.73,321062.7370009897
82371c39-8328-45f8-a2b4-b32234d2796b,70,30080.25,149286.05,338524.8891114009
fa12e530-5ef8-4a60-89f0-bd2bc39df101,62,88119.49,180535.63,303287.9285213854
3235858c-34d7-49fe-9e05-21ea945fa57a,60,86880.63,127052.24,225384.53981061865
72613d22-ca71-41b9-a3b9-cbf9be477bd6,68,30387.12,183243.58,483182.2167109477
0dee193f-8953-4625-8b37-28d9b8cc8c31,70,63807.62,193690.58,452471.25679051306
526fd0a5-8e82-4175-bd6d-d19dbb375978,70,97335.04,167649.68,246248.513559393
3c760b27-aec5-4fe2-ad01-0ebd7329ca3b,67,81791.66,191766.86,283263.2609993265
46cd5861-063b-41c9-b3f7-cf48615f72e0,61,49223.28,109454.39,203852.3646829985
86739336-8a14-451a-91ef-7bcf69488b4c,61,46846.41,50449.84,133924.9293069714
34510419-0222-48ff-93cb-e7760cad8e3a,68,84902.67,94744.69,280800.5212104453
49078447-9255-47d3-92c9-2a55189230e8,66,68234.98,193695.57,349188.570612957
4b4e452d-d513-413a-a07f-06afdefcc7ed,62,45695.97,188131.61,455995.1688411913
42324922-82f6-4490-8bcc-568393684dac,61,85895.27,143697.95,338914.8062350437
ce3dbf30-d5a0-4113-8226-c12961437e6e,60,74347.92,47914.1,255789.20382147183
93ddfecd-7feb-41f0-8fee-8bc4bf96e0e4,67,49561.12,132163.84,283442.57188197423
0fe4b62a-4cdc-453f-b8de-e4515b6c8baf,65,37454.51,162302.69,382200.4287561339
00e4e738-86d8-44c1-a5f7-f50b8abda1f7,65,79383.83,97759.34,149151.1156346286
12774569-2e71-431d-9e81-17cba24b9df3,64,94769.17,103363.91,340697.4144429584
bd4146f0-97c1-4559-9cc8-c398daaf96f0,67,36818.72,32301.28,199433.8193452244
d74b6279-098c-4cb5-a1e8-41308c7f36e8,62,20417.18,183775.7,410531.17165082425
f0d2e05e-fc78-4069-b937-082ba529e932,66,88488.49,55186.2,307631.470878471
735cd7c9-e8ce-4f97-88a6-a34cbe26e915,67,89905.04,178860.13,357641.9369935999
e450a7b4-01be-4ecf-9b8c-bf9b6cf68fd9,61,74024.98,127098.28,206488.79019281868
9da11f6f-c990-4a14-ac47-3e9c05a9579f,70,47853.32,192162.85,252153.6406049037
73d670f8-7d37-48bb-a1b7-3724bd8f7824,66,30820.41,27679.16,283264.6481073152
11d1cc5e-eb36-4f27-b930-8a644d52ed8b,69,94343.28,124844.34,294029.0956715747
0e264f56-e40f-4761-9259-3d37e5c8b3f8,64,44851.55,195342.12,289858.0441683695
0f894d23-5b5c-45b1-9a29-58616f675259,60,57852.45,69946.85,183895.6657509405
fe2041a5-5c00-4a77-9e93-0a45a8f1ade0,60,21354.29,84925.96,261260.47229103505
62f6d04f-2412-45ea-8318-98cd7a38b63b,68,44658.9,145765.59,202574.55247805116
1b1768a4-7ece-4910-be79-2da278c4ae94,62,64014.57,181794.33,442150.2000351703
9c20009e-12e0-452e-9b60-cfd477eeb14f,69,98047.27,93394.84,327427.1370003036
1556140a-4d2a-4160-955c-031b19d6e4d6,68,48875.81,99533.81,204315.1590863138
4a999a35-90bf-4b22-ad9d-0eb20c2a806b,69,65237.12,198622.89,280246.1370462226
541ea11f-3274-483c-b795-a658de182026,60,93788.96,12694.15,77878.68213518642
2744d351-55b5-4514-a3cc-4111f360beca,70,23648.36,22697.07,189286.76214586463
1ccb9932-3e7b-4822-b649-a2ec51f675a2,68,76423.86,151100.95,261695.11731569987
5554fe11-1bef-423b-a43d-862a2af7401f,64,45329.34,62974.34,265704.42287445895
2e92231d-0ed9-4944-8ca5-4c197a987f57,62,53143.91,122481.6,304530.7858779381
e9bd24e1-f74e-46be-a8e6-f434cf9bbd77,64,50180.85,28862.32,308430.6296951804
ee830ec2-bb63-4952-b0b0-8c52fd8842b2,67,42774.77,147159.39,348234.32062287163
40a37228-e423-4771-99d0-96e216b2b63d,70,45132.74,103655.12,156168.50713196676
9b5faaf5-e369-4c5b-87a4-1ecefe041445,68,95513.88,135312.38,345220.66238075733
359c8c99-ee9b-401f-8fb0-46333ef802db,69,98462.46,72597.05,352552.0207697595
4740cbaa-29df-43ee-ae6b-8dbe37a5f5ce,60,59918.99,157527.4,374417.4107824154
8143dcee-4754-4a88-9229-97c8b80bb2cd,64,42136.34,95909.53,150596.4110282565
b3263c04-9952-4871-856c-9a40b3305f7b,62,79173.05,169524.84,250932.6574111839
e7f26b92-422c-4f6a-bede-7a82a0e5243d,69,33069.76,99937.58,237083.69390744995
8f5b8ae8-5029-462a-91de-7fb20fbfb3a7,70,66175.68,148862.03,305323.1905934351
664a986c-f94b-4ba0-82d8-4dbe90eab0e3,60,81558.43,158757.11,291384.64968390454
ba49083f-ba66-48b6-acd4-502af15f9850,62,48225.3,127907.49,377753.8362654191
bb18dafd-bb9c-454a-b544-d42f2d7ed93f,62,60602.76,172592.72,230188.78547904408
38fe6776-6729-4e66-9bc2-25143133b01e,64,46081.86,15813.39,238042.0401835548
a5c78b9d-8b04-4745-ad85-87ad3ad9ad56,70,46006.93,184225.96,277854.47825663874
acf38b8a-83e0-4117-87c1-3c50fc5bf4c6,60,96351.3,143440.18,404843.384075648
d905df11-6db4-489c-8ca4-1612b9b5ff2b,62,36639.3,126641.39,281231.09492300986
78524bf9-42b2-4c90-9813-0c3373dd8fce,60,31135.77,139582.2,264935.19351153285
a3ddfa43-a281-4779-a375-d48cca2920eb,63,35772.57,170403.3,296653.04188682284
bcc5b7cc-bfdf-4ea5-93ab-62463c101253,66,45750.25,117915.67,223781.96793613269
e1112fb6-e3e3-46a8-8e1d-0cd4e2f9d0b8,66,20790.07,61693.82,128154.69857651144
204e5e13-2e85-48e0-8b04-5c31d5a4b862,65,51092.96,77402.43,222172.05950163028
d5e6837d-cea4-4be1-8d4e-fd66da92b70f,66,24329.22,65973.77,316541.80212153285
6d71d0f4-d49e-4965-9ba5-9d5ffa683dde,65,49464.01,135632.69,352167.46327014663
1c51e14e-9e9d-443e-ba10-e32e38d5e3f0,67,65651.08,137928.93,215188.2377985612
9d7b4912-e76c-40e9-bbce-29b7ea66f7f3,64,44303.48,127279.97,257971.974340164
ad0124b1-cced-436d-a957-ed7b0a689c8a,63,55881.85,189643.33,246774.08987314
11fc4c8e-1639-448a-a76f-a670ed041877,69,38358.57,52452.41,152584.7875779928
e93b8b7a-79de-4a55-a114-2b57382e418c,69,25999.65,55282.77,340333.00324875256
9e3dbb97-73ea-4841-a750-fae22a287cbf,69,50642.27,137537.88,198867.0903545307
ed631585-a59f-4105-bf95-82db50eb53c6,68,27016.41,150002.98,213369.348273305
5c193025-9e07-414c-99ca-cab77a8117fe,65,69919.47,103024.66,391389.7787557074
13a8137c-3465-4a20-87fe-4dc681a41ea0,60,44699.8,32314.46,326281.92980981787
a0578ec4-e12d-43d6-b9f0-f76e97e63eb1,65,48606.68,58765.02,123658.84264312225
27122056-a68d-419c-9179-2e7ec6d36012,61,55714.14,172030.15,242279.49582596635
f038fbd5-5a82-4b8f-94bb-7e623579d6a2,70,43648.27,84211.83,301419.73002040206
e8563317-d452-48c8-afbf-cdac43148224,66,92197.75,28334.67,247939.412909188
4d800759-3415-4e0a-9f02-f73994de778c,67,23707.45,142181.81,330653.2237513425
cd101fbb-4a4c-42bc-b792-d3b244939a8d,65,71164.86,171486.15,467192.44812103815
338208dc-0ce6-462d-a21b-bcc57a886ce5,65,73697.87,123831.67,391680.9440709123
5b511ce8-f474-4fe9-8e10-3f712835cea1,67,48821.5,38885.87,178256.86620888836
499fffe0-8ad3-4bd9-8313-6fd0b3fc67ef,63,74566.56,101526.57,266890.6065438787
1c27d837-8a34-4925-9d28-7f9725c182d5,66,29715.69,84894.69,228851.89227649025
178e9f0b-8db1-4284-b914-233fca7ff40a,65,82694.79,74688.5,128198.08596432264
d9979695-4c22-4fff-bdcc-67eabfb5bbb1,60,78198.41,30183.61,220897.10167775492
76f99a7c-7e27-4b16-8612-e1ae83fc4cf2,65,67411.32,28919.17,289171.32457098406
bb2be241-5d68-4630-9044-214a064eea2d,62,23702.13,108175.56,165524.12800573104
26e66d32-22f0-4200-8f0f-47e6b3a3cbc9,64,87525.31,53928.73,210178.8848349412
e5bfccb0-f53b-43c0-9f2b-788ecb892dbb,63,45176.61,44203.0,310714.73925143864
